Schedule_movie_date,Schedule_movie_start,room_id,movie_id
2024-09-29,04:20,1,559
2024-09-29,04:20,2,285
2024-09-29,04:20,3,285
2024-09-29,04:20,4,49529
2024-09-29,04:20,5,49529
2024-09-29,04:20,6,285
2024-09-29,04:20,7,49026
2024-09-29,04:20,8,206647
2024-09-29,04:20,9,285
2024-09-29,04:20,10,49529
2024-09-29,07:20,1,559
2024-09-29,07:20,2,38757
2024-09-29,07:20,3,49026
2024-09-29,07:20,4,19995
2024-09-29,07:20,5,49026
2024-09-29,07:20,6,19995
2024-09-29,07:20,7,206647
2024-09-29,07:20,8,19995
2024-09-29,07:20,9,49026
2024-09-29,07:20,10,49026
2024-09-29,10:20,1,49026
2024-09-29,10:20,2,38757
2024-09-29,10:20,3,49026
2024-09-29,10:20,4,49026
2024-09-29,10:20,5,285
2024-09-29,10:20,6,49529
2024-09-29,10:20,7,285
2024-09-29,10:20,8,38757
2024-09-29,10:20,9,19995
2024-09-29,10:20,10,49026
2024-09-29,13:20,1,49026
2024-09-29,13:20,2,38757
2024-09-29,13:20,3,206647
2024-09-29,13:20,4,559
2024-09-29,13:20,5,49026
2024-09-29,13:20,6,38757
2024-09-29,13:20,7,49026
2024-09-29,13:20,8,49026
2024-09-29,13:20,9,49529
2024-09-29,13:20,10,285
2024-09-29,16:20,1,49026
2024-09-29,16:20,2,38757
2024-09-29,16:20,3,38757
2024-09-29,16:20,4,19995
2024-09-29,16:20,5,285
2024-09-29,16:20,6,559
2024-09-29,16:20,7,559
2024-09-29,16:20,8,38757
2024-09-29,16:20,9,19995
2024-09-29,16:20,10,285
2024-09-29,19:20,1,559
2024-09-29,19:20,2,206647
2024-09-29,19:20,3,206647
2024-09-29,19:20,4,38757
2024-09-29,19:20,5,49529
2024-09-29,19:20,6,49026
2024-09-29,19:20,7,206647
2024-09-29,19:20,8,206647
2024-09-29,19:20,9,559
2024-09-29,19:20,10,206647
2024-09-29,22:20,1,285
2024-09-29,22:20,2,38757
2024-09-29,22:20,3,38757
2024-09-29,22:20,4,49026
2024-09-29,22:20,5,559
2024-09-29,22:20,6,19995
2024-09-29,22:20,7,49026
2024-09-29,22:20,8,206647
2024-09-29,22:20,9,19995
2024-09-29,22:20,10,19995
2024-09-30,04:20,1,49529
2024-09-30,04:20,2,38757
2024-09-30,04:20,3,49026
2024-09-30,04:20,4,38757
2024-09-30,04:20,5,19995
2024-09-30,04:20,6,49026
2024-09-30,04:20,7,559
2024-09-30,04:20,8,19995
2024-09-30,04:20,9,49026
2024-09-30,04:20,10,559
2024-09-30,07:20,1,285
2024-09-30,07:20,2,285
2024-09-30,07:20,3,49529
2024-09-30,07:20,4,559
2024-09-30,07:20,5,285
2024-09-30,07:20,6,285
2024-09-30,07:20,7,206647
2024-09-30,07:20,8,19995
2024-09-30,07:20,9,19995
2024-09-30,07:20,10,206647
2024-09-30,10:20,1,559
2024-09-30,10:20,2,49026
2024-09-30,10:20,3,19995
2024-09-30,10:20,4,38757
2024-09-30,10:20,5,285
2024-09-30,10:20,6,559
2024-09-30,10:20,7,49529
2024-09-30,10:20,8,19995
2024-09-30,10:20,9,38757
2024-09-30,10:20,10,206647
2024-09-30,13:20,1,49026
2024-09-30,13:20,2,38757
2024-09-30,13:20,3,38757
2024-09-30,13:20,4,559
2024-09-30,13:20,5,559
2024-09-30,13:20,6,49026
2024-09-30,13:20,7,559
2024-09-30,13:20,8,206647
2024-09-30,13:20,9,206647
2024-09-30,13:20,10,285
2024-09-30,16:20,1,49529
2024-09-30,16:20,2,285
2024-09-30,16:20,3,559
2024-09-30,16:20,4,38757
2024-09-30,16:20,5,206647
2024-09-30,16:20,6,206647
2024-09-30,16:20,7,38757
2024-09-30,16:20,8,49529
2024-09-30,16:20,9,49529
2024-09-30,16:20,10,285
2024-09-30,19:20,1,49529
2024-09-30,19:20,2,285
2024-09-30,19:20,3,38757
2024-09-30,19:20,4,49026
2024-09-30,19:20,5,559
2024-09-30,19:20,6,49529
2024-09-30,19:20,7,559
2024-09-30,19:20,8,206647
2024-09-30,19:20,9,559
2024-09-30,19:20,10,206647
2024-09-30,22:20,1,559
2024-09-30,22:20,2,559
2024-09-30,22:20,3,38757
2024-09-30,22:20,4,559
2024-09-30,22:20,5,49026
2024-09-30,22:20,6,19995
2024-09-30,22:20,7,19995
2024-09-30,22:20,8,559
2024-09-30,22:20,9,49026
2024-09-30,22:20,10,206647
2024-10-01,04:20,1,285
2024-10-01,04:20,2,206647
2024-10-01,04:20,3,19995
2024-10-01,04:20,4,38757
2024-10-01,04:20,5,559
2024-10-01,04:20,6,559
2024-10-01,04:20,7,19995
2024-10-01,04:20,8,49026
2024-10-01,04:20,9,206647
2024-10-01,04:20,10,49026
2024-10-01,07:20,1,49026
2024-10-01,07:20,2,38757
2024-10-01,07:20,3,49026
2024-10-01,07:20,4,206647
2024-10-01,07:20,5,19995
2024-10-01,07:20,6,285
2024-10-01,07:20,7,19995
2024-10-01,07:20,8,38757
2024-10-01,07:20,9,285
2024-10-01,07:20,10,49529
2024-10-01,10:20,1,49026
2024-10-01,10:20,2,19995
2024-10-01,10:20,3,19995
2024-10-01,10:20,4,49529
2024-10-01,10:20,5,49529
2024-10-01,10:20,6,206647
2024-10-01,10:20,7,49529
2024-10-01,10:20,8,49529
2024-10-01,10:20,9,19995
2024-10-01,10:20,10,19995
2024-10-01,13:20,1,38757
2024-10-01,13:20,2,19995
2024-10-01,13:20,3,49529
2024-10-01,13:20,4,38757
2024-10-01,13:20,5,285
2024-10-01,13:20,6,38757
2024-10-01,13:20,7,559
2024-10-01,13:20,8,49529
2024-10-01,13:20,9,49529
2024-10-01,13:20,10,19995
2024-10-01,16:20,1,38757
2024-10-01,16:20,2,49529
2024-10-01,16:20,3,559
2024-10-01,16:20,4,19995
2024-10-01,16:20,5,285
2024-10-01,16:20,6,19995
2024-10-01,16:20,7,49529
2024-10-01,16:20,8,206647
2024-10-01,16:20,9,38757
2024-10-01,16:20,10,285
2024-10-01,19:20,1,49529
2024-10-01,19:20,2,19995
2024-10-01,19:20,3,49529
2024-10-01,19:20,4,206647
2024-10-01,19:20,5,49026
2024-10-01,19:20,6,38757
2024-10-01,19:20,7,285
2024-10-01,19:20,8,285
2024-10-01,19:20,9,38757
2024-10-01,19:20,10,206647
2024-10-01,22:20,1,38757
2024-10-01,22:20,2,559
2024-10-01,22:20,3,559
2024-10-01,22:20,4,49026
2024-10-01,22:20,5,38757
2024-10-01,22:20,6,49529
2024-10-01,22:20,7,559
2024-10-01,22:20,8,206647
2024-10-01,22:20,9,38757
2024-10-01,22:20,10,49529
2024-10-02,04:20,1,206647
2024-10-02,04:20,2,19995
2024-10-02,04:20,3,38757
2024-10-02,04:20,4,19995
2024-10-02,04:20,5,559
2024-10-02,04:20,6,49529
2024-10-02,04:20,7,49026
2024-10-02,04:20,8,559
2024-10-02,04:20,9,206647
2024-10-02,04:20,10,285
2024-10-02,07:20,1,49026
2024-10-02,07:20,2,19995
2024-10-02,07:20,3,206647
2024-10-02,07:20,4,49529
2024-10-02,07:20,5,559
2024-10-02,07:20,6,285
2024-10-02,07:20,7,559
2024-10-02,07:20,8,49026
2024-10-02,07:20,9,206647
2024-10-02,07:20,10,19995
2024-10-02,10:20,1,49026
2024-10-02,10:20,2,206647
2024-10-02,10:20,3,49529
2024-10-02,10:20,4,49529
2024-10-02,10:20,5,206647
2024-10-02,10:20,6,206647
2024-10-02,10:20,7,559
2024-10-02,10:20,8,49529
2024-10-02,10:20,9,559
2024-10-02,10:20,10,38757
2024-10-02,13:20,1,559
2024-10-02,13:20,2,206647
2024-10-02,13:20,3,559
2024-10-02,13:20,4,38757
2024-10-02,13:20,5,38757
2024-10-02,13:20,6,38757
2024-10-02,13:20,7,559
2024-10-02,13:20,8,49529
2024-10-02,13:20,9,206647
2024-10-02,13:20,10,559
2024-10-02,16:20,1,206647
2024-10-02,16:20,2,285
2024-10-02,16:20,3,285
2024-10-02,16:20,4,38757
2024-10-02,16:20,5,285
2024-10-02,16:20,6,19995
2024-10-02,16:20,7,559
2024-10-02,16:20,8,559
2024-10-02,16:20,9,49026
2024-10-02,16:20,10,38757
2024-10-02,19:20,1,49529
2024-10-02,19:20,2,206647
2024-10-02,19:20,3,206647
2024-10-02,19:20,4,49529
2024-10-02,19:20,5,559
2024-10-02,19:20,6,49529
2024-10-02,19:20,7,19995
2024-10-02,19:20,8,49529
2024-10-02,19:20,9,49529
2024-10-02,19:20,10,49026
2024-10-02,22:20,1,38757
2024-10-02,22:20,2,38757
2024-10-02,22:20,3,38757
2024-10-02,22:20,4,49026
2024-10-02,22:20,5,49026
2024-10-02,22:20,6,285
2024-10-02,22:20,7,38757
2024-10-02,22:20,8,49529
2024-10-02,22:20,9,559
2024-10-02,22:20,10,285
2024-10-03,04:20,1,49026
2024-10-03,04:20,2,19995
2024-10-03,04:20,3,285
2024-10-03,04:20,4,49529
2024-10-03,04:20,5,285
2024-10-03,04:20,6,19995
2024-10-03,04:20,7,49026
2024-10-03,04:20,8,559
2024-10-03,04:20,9,19995
2024-10-03,04:20,10,49026
2024-10-03,07:20,1,49529
2024-10-03,07:20,2,19995
2024-10-03,07:20,3,49529
2024-10-03,07:20,4,559
2024-10-03,07:20,5,38757
2024-10-03,07:20,6,285
2024-10-03,07:20,7,559
2024-10-03,07:20,8,559
2024-10-03,07:20,9,206647
2024-10-03,07:20,10,559
2024-10-03,10:20,1,285
2024-10-03,10:20,2,559
2024-10-03,10:20,3,49026
2024-10-03,10:20,4,49026
2024-10-03,10:20,5,49026
2024-10-03,10:20,6,285
2024-10-03,10:20,7,206647
2024-10-03,10:20,8,49529
2024-10-03,10:20,9,559
2024-10-03,10:20,10,285
2024-10-03,13:20,1,49026
2024-10-03,13:20,2,19995
2024-10-03,13:20,3,49529
2024-10-03,13:20,4,49026
2024-10-03,13:20,5,49529
2024-10-03,13:20,6,206647
2024-10-03,13:20,7,285
2024-10-03,13:20,8,559
2024-10-03,13:20,9,206647
2024-10-03,13:20,10,49026
2024-10-03,16:20,1,19995
2024-10-03,16:20,2,49026
2024-10-03,16:20,3,285
2024-10-03,16:20,4,206647
2024-10-03,16:20,5,559
2024-10-03,16:20,6,559
2024-10-03,16:20,7,206647
2024-10-03,16:20,8,49529
2024-10-03,16:20,9,19995
2024-10-03,16:20,10,19995
2024-10-03,19:20,1,206647
2024-10-03,19:20,2,38757
2024-10-03,19:20,3,285
2024-10-03,19:20,4,49026
2024-10-03,19:20,5,559
2024-10-03,19:20,6,49529
2024-10-03,19:20,7,206647
2024-10-03,19:20,8,49026
2024-10-03,19:20,9,285
2024-10-03,19:20,10,49026
2024-10-03,22:20,1,206647
2024-10-03,22:20,2,559
2024-10-03,22:20,3,38757
2024-10-03,22:20,4,285
2024-10-03,22:20,5,559
2024-10-03,22:20,6,285
2024-10-03,22:20,7,559
2024-10-03,22:20,8,206647
2024-10-03,22:20,9,559
2024-10-03,22:20,10,285
2024-10-04,04:20,1,206647
2024-10-04,04:20,2,38757
2024-10-04,04:20,3,38757
2024-10-04,04:20,4,49026
2024-10-04,04:20,5,19995
2024-10-04,04:20,6,285
2024-10-04,04:20,7,49529
2024-10-04,04:20,8,49026
2024-10-04,04:20,9,38757
2024-10-04,04:20,10,285
2024-10-04,07:20,1,285
2024-10-04,07:20,2,285
2024-10-04,07:20,3,49026
2024-10-04,07:20,4,19995
2024-10-04,07:20,5,19995
2024-10-04,07:20,6,19995
2024-10-04,07:20,7,38757
2024-10-04,07:20,8,206647
2024-10-04,07:20,9,285
2024-10-04,07:20,10,206647
2024-10-04,10:20,1,19995
2024-10-04,10:20,2,285
2024-10-04,10:20,3,49529
2024-10-04,10:20,4,49529
2024-10-04,10:20,5,19995
2024-10-04,10:20,6,19995
2024-10-04,10:20,7,206647
2024-10-04,10:20,8,285
2024-10-04,10:20,9,559
2024-10-04,10:20,10,49026
2024-10-04,13:20,1,285
2024-10-04,13:20,2,206647
2024-10-04,13:20,3,49026
2024-10-04,13:20,4,19995
2024-10-04,13:20,5,206647
2024-10-04,13:20,6,19995
2024-10-04,13:20,7,49026
2024-10-04,13:20,8,206647
2024-10-04,13:20,9,206647
2024-10-04,13:20,10,38757
2024-10-04,16:20,1,38757
2024-10-04,16:20,2,49529
2024-10-04,16:20,3,559
2024-10-04,16:20,4,38757
2024-10-04,16:20,5,49026
2024-10-04,16:20,6,206647
2024-10-04,16:20,7,206647
2024-10-04,16:20,8,38757
2024-10-04,16:20,9,19995
2024-10-04,16:20,10,19995
2024-10-04,19:20,1,49026
2024-10-04,19:20,2,49026
2024-10-04,19:20,3,49026
2024-10-04,19:20,4,285
2024-10-04,19:20,5,206647
2024-10-04,19:20,6,49529
2024-10-04,19:20,7,38757
2024-10-04,19:20,8,559
2024-10-04,19:20,9,285
2024-10-04,19:20,10,285
2024-10-04,22:20,1,285
2024-10-04,22:20,2,559
2024-10-04,22:20,3,19995
2024-10-04,22:20,4,19995
2024-10-04,22:20,5,206647
2024-10-04,22:20,6,38757
2024-10-04,22:20,7,38757
2024-10-04,22:20,8,38757
2024-10-04,22:20,9,19995
2024-10-04,22:20,10,49529
2024-10-05,04:20,1,19995
2024-10-05,04:20,2,19995
2024-10-05,04:20,3,206647
2024-10-05,04:20,4,49529
2024-10-05,04:20,5,206647
2024-10-05,04:20,6,49529
2024-10-05,04:20,7,206647
2024-10-05,04:20,8,559
2024-10-05,04:20,9,49529
2024-10-05,04:20,10,49529
2024-10-05,07:20,1,206647
2024-10-05,07:20,2,19995
2024-10-05,07:20,3,49026
2024-10-05,07:20,4,49529
2024-10-05,07:20,5,206647
2024-10-05,07:20,6,285
2024-10-05,07:20,7,285
2024-10-05,07:20,8,49026
2024-10-05,07:20,9,19995
2024-10-05,07:20,10,49026
2024-10-05,10:20,1,49026
2024-10-05,10:20,2,285
2024-10-05,10:20,3,49026
2024-10-05,10:20,4,19995
2024-10-05,10:20,5,49529
2024-10-05,10:20,6,285
2024-10-05,10:20,7,19995
2024-10-05,10:20,8,559
2024-10-05,10:20,9,206647
2024-10-05,10:20,10,49026
2024-10-05,13:20,1,19995
2024-10-05,13:20,2,49026
2024-10-05,13:20,3,49529
2024-10-05,13:20,4,38757
2024-10-05,13:20,5,285
2024-10-05,13:20,6,19995
2024-10-05,13:20,7,49026
2024-10-05,13:20,8,206647
2024-10-05,13:20,9,49026
2024-10-05,13:20,10,38757
2024-10-05,16:20,1,49026
2024-10-05,16:20,2,49026
2024-10-05,16:20,3,559
2024-10-05,16:20,4,206647
2024-10-05,16:20,5,19995
2024-10-05,16:20,6,49529
2024-10-05,16:20,7,49026
2024-10-05,16:20,8,49026
2024-10-05,16:20,9,19995
2024-10-05,16:20,10,559
2024-10-05,19:20,1,206647
2024-10-05,19:20,2,49529
2024-10-05,19:20,3,49529
2024-10-05,19:20,4,49026
2024-10-05,19:20,5,49529
2024-10-05,19:20,6,49529
2024-10-05,19:20,7,559
2024-10-05,19:20,8,206647
2024-10-05,19:20,9,559
2024-10-05,19:20,10,285
2024-10-05,22:20,1,559
2024-10-05,22:20,2,19995
2024-10-05,22:20,3,49529
2024-10-05,22:20,4,49026
2024-10-05,22:20,5,49026
2024-10-05,22:20,6,559
2024-10-05,22:20,7,38757
2024-10-05,22:20,8,19995
2024-10-05,22:20,9,19995
2024-10-05,22:20,10,559
2024-10-06,04:20,1,38757
2024-10-06,04:20,2,49529
2024-10-06,04:20,3,206647
2024-10-06,04:20,4,49026
2024-10-06,04:20,5,285
2024-10-06,04:20,6,206647
2024-10-06,04:20,7,38757
2024-10-06,04:20,8,38757
2024-10-06,04:20,9,559
2024-10-06,04:20,10,285
2024-10-06,07:20,1,559
2024-10-06,07:20,2,19995
2024-10-06,07:20,3,49026
2024-10-06,07:20,4,49529
2024-10-06,07:20,5,559
2024-10-06,07:20,6,19995
2024-10-06,07:20,7,38757
2024-10-06,07:20,8,285
2024-10-06,07:20,9,49026
2024-10-06,07:20,10,38757
2024-10-06,10:20,1,49026
2024-10-06,10:20,2,49026
2024-10-06,10:20,3,19995
2024-10-06,10:20,4,559
2024-10-06,10:20,5,38757
2024-10-06,10:20,6,19995
2024-10-06,10:20,7,285
2024-10-06,10:20,8,206647
2024-10-06,10:20,9,38757
2024-10-06,10:20,10,285
2024-10-06,13:20,1,38757
2024-10-06,13:20,2,285
2024-10-06,13:20,3,49026
2024-10-06,13:20,4,38757
2024-10-06,13:20,5,49529
2024-10-06,13:20,6,206647
2024-10-06,13:20,7,49026
2024-10-06,13:20,8,49529
2024-10-06,13:20,9,206647
2024-10-06,13:20,10,19995
2024-10-06,16:20,1,559
2024-10-06,16:20,2,49529
2024-10-06,16:20,3,49026
2024-10-06,16:20,4,285
2024-10-06,16:20,5,49026
2024-10-06,16:20,6,49026
2024-10-06,16:20,7,19995
2024-10-06,16:20,8,49026
2024-10-06,16:20,9,38757
2024-10-06,16:20,10,206647
2024-10-06,19:20,1,206647
2024-10-06,19:20,2,285
2024-10-06,19:20,3,285
2024-10-06,19:20,4,19995
2024-10-06,19:20,5,559
2024-10-06,19:20,6,559
2024-10-06,19:20,7,49026
2024-10-06,19:20,8,38757
2024-10-06,19:20,9,49529
2024-10-06,19:20,10,559
2024-10-06,22:20,1,49529
2024-10-06,22:20,2,285
2024-10-06,22:20,3,559
2024-10-06,22:20,4,206647
2024-10-06,22:20,5,49529
2024-10-06,22:20,6,559
2024-10-06,22:20,7,49529
2024-10-06,22:20,8,285
2024-10-06,22:20,9,19995
2024-10-06,22:20,10,38757
2024-10-07,04:20,1,19995
2024-10-07,04:20,2,206647
2024-10-07,04:20,3,285
2024-10-07,04:20,4,38757
2024-10-07,04:20,5,38757
2024-10-07,04:20,6,49529
2024-10-07,04:20,7,49529
2024-10-07,04:20,8,49026
2024-10-07,04:20,9,49026
2024-10-07,04:20,10,49026
2024-10-07,07:20,1,49529
2024-10-07,07:20,2,19995
2024-10-07,07:20,3,49529
2024-10-07,07:20,4,19995
2024-10-07,07:20,5,285
2024-10-07,07:20,6,49026
2024-10-07,07:20,7,38757
2024-10-07,07:20,8,49529
2024-10-07,07:20,9,38757
2024-10-07,07:20,10,206647
2024-10-07,10:20,1,285
2024-10-07,10:20,2,206647
2024-10-07,10:20,3,19995
2024-10-07,10:20,4,206647
2024-10-07,10:20,5,49529
2024-10-07,10:20,6,19995
2024-10-07,10:20,7,206647
2024-10-07,10:20,8,206647
2024-10-07,10:20,9,285
2024-10-07,10:20,10,19995
2024-10-07,13:20,1,38757
2024-10-07,13:20,2,49529
2024-10-07,13:20,3,559
2024-10-07,13:20,4,19995
2024-10-07,13:20,5,38757
2024-10-07,13:20,6,38757
2024-10-07,13:20,7,206647
2024-10-07,13:20,8,206647
2024-10-07,13:20,9,49026
2024-10-07,13:20,10,559
2024-10-07,16:20,1,49529
2024-10-07,16:20,2,38757
2024-10-07,16:20,3,49529
2024-10-07,16:20,4,49529
2024-10-07,16:20,5,285
2024-10-07,16:20,6,206647
2024-10-07,16:20,7,38757
2024-10-07,16:20,8,19995
2024-10-07,16:20,9,38757
2024-10-07,16:20,10,38757
2024-10-07,19:20,1,559
2024-10-07,19:20,2,38757
2024-10-07,19:20,3,49026
2024-10-07,19:20,4,206647
2024-10-07,19:20,5,49026
2024-10-07,19:20,6,49529
2024-10-07,19:20,7,19995
2024-10-07,19:20,8,19995
2024-10-07,19:20,9,285
2024-10-07,19:20,10,38757
2024-10-07,22:20,1,559
2024-10-07,22:20,2,19995
2024-10-07,22:20,3,285
2024-10-07,22:20,4,206647
2024-10-07,22:20,5,49529
2024-10-07,22:20,6,49026
2024-10-07,22:20,7,206647
2024-10-07,22:20,8,49529
2024-10-07,22:20,9,38757
2024-10-07,22:20,10,49529
2024-10-08,04:20,1,19995
2024-10-08,04:20,2,206647
2024-10-08,04:20,3,285
2024-10-08,04:20,4,19995
2024-10-08,04:20,5,49026
2024-10-08,04:20,6,38757
2024-10-08,04:20,7,559
2024-10-08,04:20,8,49026
2024-10-08,04:20,9,38757
2024-10-08,04:20,10,38757
2024-10-08,07:20,1,49026
2024-10-08,07:20,2,559
2024-10-08,07:20,3,19995
2024-10-08,07:20,4,49026
2024-10-08,07:20,5,19995
2024-10-08,07:20,6,19995
2024-10-08,07:20,7,19995
2024-10-08,07:20,8,206647
2024-10-08,07:20,9,285
2024-10-08,07:20,10,285
2024-10-08,10:20,1,38757
2024-10-08,10:20,2,206647
2024-10-08,10:20,3,559
2024-10-08,10:20,4,49529
2024-10-08,10:20,5,49026
2024-10-08,10:20,6,19995
2024-10-08,10:20,7,559
2024-10-08,10:20,8,19995
2024-10-08,10:20,9,49026
2024-10-08,10:20,10,49529
2024-10-08,13:20,1,38757
2024-10-08,13:20,2,559
2024-10-08,13:20,3,19995
2024-10-08,13:20,4,559
2024-10-08,13:20,5,559
2024-10-08,13:20,6,285
2024-10-08,13:20,7,49026
2024-10-08,13:20,8,38757
2024-10-08,13:20,9,559
2024-10-08,13:20,10,19995
2024-10-08,16:20,1,38757
2024-10-08,16:20,2,285
2024-10-08,16:20,3,49529
2024-10-08,16:20,4,19995
2024-10-08,16:20,5,206647
2024-10-08,16:20,6,49026
2024-10-08,16:20,7,285
2024-10-08,16:20,8,49529
2024-10-08,16:20,9,559
2024-10-08,16:20,10,49529
2024-10-08,19:20,1,49026
2024-10-08,19:20,2,559
2024-10-08,19:20,3,38757
2024-10-08,19:20,4,559
2024-10-08,19:20,5,49529
2024-10-08,19:20,6,559
2024-10-08,19:20,7,38757
2024-10-08,19:20,8,206647
2024-10-08,19:20,9,559
2024-10-08,19:20,10,38757
2024-10-08,22:20,1,206647
2024-10-08,22:20,2,206647
2024-10-08,22:20,3,49026
2024-10-08,22:20,4,206647
2024-10-08,22:20,5,19995
2024-10-08,22:20,6,38757
2024-10-08,22:20,7,206647
2024-10-08,22:20,8,49529
2024-10-08,22:20,9,49529
2024-10-08,22:20,10,206647
2024-10-09,04:20,1,19995
2024-10-09,04:20,2,559
2024-10-09,04:20,3,559
2024-10-09,04:20,4,559
2024-10-09,04:20,5,19995
2024-10-09,04:20,6,38757
2024-10-09,04:20,7,19995
2024-10-09,04:20,8,49529
2024-10-09,04:20,9,285
2024-10-09,04:20,10,206647
2024-10-09,07:20,1,49529
2024-10-09,07:20,2,19995
2024-10-09,07:20,3,49026
2024-10-09,07:20,4,559
2024-10-09,07:20,5,49026
2024-10-09,07:20,6,206647
2024-10-09,07:20,7,49529
2024-10-09,07:20,8,38757
2024-10-09,07:20,9,49529
2024-10-09,07:20,10,49026
2024-10-09,10:20,1,206647
2024-10-09,10:20,2,206647
2024-10-09,10:20,3,49529
2024-10-09,10:20,4,49026
2024-10-09,10:20,5,206647
2024-10-09,10:20,6,206647
2024-10-09,10:20,7,49529
2024-10-09,10:20,8,38757
2024-10-09,10:20,9,19995
2024-10-09,10:20,10,285
2024-10-09,13:20,1,19995
2024-10-09,13:20,2,206647
2024-10-09,13:20,3,559
2024-10-09,13:20,4,206647
2024-10-09,13:20,5,19995
2024-10-09,13:20,6,49026
2024-10-09,13:20,7,49026
2024-10-09,13:20,8,38757
2024-10-09,13:20,9,206647
2024-10-09,13:20,10,49529
2024-10-09,16:20,1,19995
2024-10-09,16:20,2,559
2024-10-09,16:20,3,559
2024-10-09,16:20,4,38757
2024-10-09,16:20,5,559
2024-10-09,16:20,6,559
2024-10-09,16:20,7,285
2024-10-09,16:20,8,206647
2024-10-09,16:20,9,19995
2024-10-09,16:20,10,559
2024-10-09,19:20,1,19995
2024-10-09,19:20,2,285
2024-10-09,19:20,3,206647
2024-10-09,19:20,4,285
2024-10-09,19:20,5,285
2024-10-09,19:20,6,19995
2024-10-09,19:20,7,285
2024-10-09,19:20,8,206647
2024-10-09,19:20,9,206647
2024-10-09,19:20,10,49529
2024-10-09,22:20,1,49026
2024-10-09,22:20,2,38757
2024-10-09,22:20,3,206647
2024-10-09,22:20,4,49529
2024-10-09,22:20,5,19995
2024-10-09,22:20,6,559
2024-10-09,22:20,7,285
2024-10-09,22:20,8,38757
2024-10-09,22:20,9,559
2024-10-09,22:20,10,19995
2024-10-10,04:20,1,49026
2024-10-10,04:20,2,285
2024-10-10,04:20,3,206647
2024-10-10,04:20,4,285
2024-10-10,04:20,5,49026
2024-10-10,04:20,6,206647
2024-10-10,04:20,7,49026
2024-10-10,04:20,8,19995
2024-10-10,04:20,9,206647
2024-10-10,04:20,10,19995
2024-10-10,07:20,1,49529
2024-10-10,07:20,2,38757
2024-10-10,07:20,3,19995
2024-10-10,07:20,4,559
2024-10-10,07:20,5,49026
2024-10-10,07:20,6,206647
2024-10-10,07:20,7,38757
2024-10-10,07:20,8,285
2024-10-10,07:20,9,38757
2024-10-10,07:20,10,559
2024-10-10,10:20,1,206647
2024-10-10,10:20,2,38757
2024-10-10,10:20,3,19995
2024-10-10,10:20,4,206647
2024-10-10,10:20,5,19995
2024-10-10,10:20,6,19995
2024-10-10,10:20,7,19995
2024-10-10,10:20,8,206647
2024-10-10,10:20,9,49026
2024-10-10,10:20,10,49026
2024-10-10,13:20,1,559
2024-10-10,13:20,2,38757
2024-10-10,13:20,3,206647
2024-10-10,13:20,4,49026
2024-10-10,13:20,5,19995
2024-10-10,13:20,6,559
2024-10-10,13:20,7,559
2024-10-10,13:20,8,49026
2024-10-10,13:20,9,206647
2024-10-10,13:20,10,559
2024-10-10,16:20,1,49026
2024-10-10,16:20,2,285
2024-10-10,16:20,3,19995
2024-10-10,16:20,4,559
2024-10-10,16:20,5,49529
2024-10-10,16:20,6,206647
2024-10-10,16:20,7,559
2024-10-10,16:20,8,285
2024-10-10,16:20,9,38757
2024-10-10,16:20,10,559
2024-10-10,19:20,1,38757
2024-10-10,19:20,2,49026
2024-10-10,19:20,3,49529
2024-10-10,19:20,4,559
2024-10-10,19:20,5,285
2024-10-10,19:20,6,38757
2024-10-10,19:20,7,559
2024-10-10,19:20,8,38757
2024-10-10,19:20,9,38757
2024-10-10,19:20,10,285
2024-10-10,22:20,1,206647
2024-10-10,22:20,2,19995
2024-10-10,22:20,3,285
2024-10-10,22:20,4,49529
2024-10-10,22:20,5,206647
2024-10-10,22:20,6,49529
2024-10-10,22:20,7,19995
2024-10-10,22:20,8,38757
2024-10-10,22:20,9,285
2024-10-10,22:20,10,19995
2024-10-11,04:20,1,49026
2024-10-11,04:20,2,49026
2024-10-11,04:20,3,559
2024-10-11,04:20,4,206647
2024-10-11,04:20,5,49529
2024-10-11,04:20,6,38757
2024-10-11,04:20,7,559
2024-10-11,04:20,8,49529
2024-10-11,04:20,9,559
2024-10-11,04:20,10,49026
2024-10-11,07:20,1,49529
2024-10-11,07:20,2,38757
2024-10-11,07:20,3,206647
2024-10-11,07:20,4,206647
2024-10-11,07:20,5,38757
2024-10-11,07:20,6,49026
2024-10-11,07:20,7,49026
2024-10-11,07:20,8,49529
2024-10-11,07:20,9,19995
2024-10-11,07:20,10,49026
2024-10-11,10:20,1,49026
2024-10-11,10:20,2,49529
2024-10-11,10:20,3,285
2024-10-11,10:20,4,38757
2024-10-11,10:20,5,285
2024-10-11,10:20,6,49026
2024-10-11,10:20,7,49529
2024-10-11,10:20,8,206647
2024-10-11,10:20,9,559
2024-10-11,10:20,10,559
2024-10-11,13:20,1,559
2024-10-11,13:20,2,49529
2024-10-11,13:20,3,559
2024-10-11,13:20,4,206647
2024-10-11,13:20,5,38757
2024-10-11,13:20,6,206647
2024-10-11,13:20,7,206647
2024-10-11,13:20,8,559
2024-10-11,13:20,9,49529
2024-10-11,13:20,10,38757
2024-10-11,16:20,1,206647
2024-10-11,16:20,2,559
2024-10-11,16:20,3,38757
2024-10-11,16:20,4,38757
2024-10-11,16:20,5,38757
2024-10-11,16:20,6,49529
2024-10-11,16:20,7,49529
2024-10-11,16:20,8,285
2024-10-11,16:20,9,559
2024-10-11,16:20,10,285
2024-10-11,19:20,1,559
2024-10-11,19:20,2,285
2024-10-11,19:20,3,49529
2024-10-11,19:20,4,206647
2024-10-11,19:20,5,19995
2024-10-11,19:20,6,49026
2024-10-11,19:20,7,49026
2024-10-11,19:20,8,49026
2024-10-11,19:20,9,206647
2024-10-11,19:20,10,19995
2024-10-11,22:20,1,285
2024-10-11,22:20,2,19995
2024-10-11,22:20,3,49026
2024-10-11,22:20,4,559
2024-10-11,22:20,5,285
2024-10-11,22:20,6,38757
2024-10-11,22:20,7,285
2024-10-11,22:20,8,559
2024-10-11,22:20,9,19995
2024-10-11,22:20,10,206647
2024-10-12,04:20,1,38757
2024-10-12,04:20,2,49026
2024-10-12,04:20,3,38757
2024-10-12,04:20,4,38757
2024-10-12,04:20,5,49026
2024-10-12,04:20,6,285
2024-10-12,04:20,7,49026
2024-10-12,04:20,8,38757
2024-10-12,04:20,9,49529
2024-10-12,04:20,10,19995
2024-10-12,07:20,1,19995
2024-10-12,07:20,2,285
2024-10-12,07:20,3,38757
2024-10-12,07:20,4,285
2024-10-12,07:20,5,49529
2024-10-12,07:20,6,559
2024-10-12,07:20,7,285
2024-10-12,07:20,8,206647
2024-10-12,07:20,9,49529
2024-10-12,07:20,10,38757
2024-10-12,10:20,1,38757
2024-10-12,10:20,2,559
2024-10-12,10:20,3,285
2024-10-12,10:20,4,49026
2024-10-12,10:20,5,206647
2024-10-12,10:20,6,206647
2024-10-12,10:20,7,19995
2024-10-12,10:20,8,285
2024-10-12,10:20,9,285
2024-10-12,10:20,10,19995
2024-10-12,13:20,1,38757
2024-10-12,13:20,2,49026
2024-10-12,13:20,3,559
2024-10-12,13:20,4,285
2024-10-12,13:20,5,285
2024-10-12,13:20,6,285
2024-10-12,13:20,7,285
2024-10-12,13:20,8,49026
2024-10-12,13:20,9,19995
2024-10-12,13:20,10,49026
2024-10-12,16:20,1,559
2024-10-12,16:20,2,19995
2024-10-12,16:20,3,19995
2024-10-12,16:20,4,559
2024-10-12,16:20,5,285
2024-10-12,16:20,6,49026
2024-10-12,16:20,7,49026
2024-10-12,16:20,8,49529
2024-10-12,16:20,9,206647
2024-10-12,16:20,10,285
2024-10-12,19:20,1,285
2024-10-12,19:20,2,38757
2024-10-12,19:20,3,206647
2024-10-12,19:20,4,38757
2024-10-12,19:20,5,49529
2024-10-12,19:20,6,19995
2024-10-12,19:20,7,49529
2024-10-12,19:20,8,285
2024-10-12,19:20,9,49026
2024-10-12,19:20,10,19995
2024-10-12,22:20,1,49026
2024-10-12,22:20,2,285
2024-10-12,22:20,3,285
2024-10-12,22:20,4,559
2024-10-12,22:20,5,19995
2024-10-12,22:20,6,206647
2024-10-12,22:20,7,285
2024-10-12,22:20,8,49529
2024-10-12,22:20,9,559
2024-10-12,22:20,10,19995
2024-10-13,04:20,1,49529
2024-10-13,04:20,2,19995
2024-10-13,04:20,3,206647
2024-10-13,04:20,4,38757
2024-10-13,04:20,5,38757
2024-10-13,04:20,6,49529
2024-10-13,04:20,7,19995
2024-10-13,04:20,8,49026
2024-10-13,04:20,9,38757
2024-10-13,04:20,10,49026
2024-10-13,07:20,1,49026
2024-10-13,07:20,2,285
2024-10-13,07:20,3,206647
2024-10-13,07:20,4,49529
2024-10-13,07:20,5,49026
2024-10-13,07:20,6,49529
2024-10-13,07:20,7,285
2024-10-13,07:20,8,206647
2024-10-13,07:20,9,206647
2024-10-13,07:20,10,49529
2024-10-13,10:20,1,285
2024-10-13,10:20,2,285
2024-10-13,10:20,3,285
2024-10-13,10:20,4,49026
2024-10-13,10:20,5,49026
2024-10-13,10:20,6,285
2024-10-13,10:20,7,559
2024-10-13,10:20,8,285
2024-10-13,10:20,9,19995
2024-10-13,10:20,10,49529
2024-10-13,13:20,1,559
2024-10-13,13:20,2,206647
2024-10-13,13:20,3,49026
2024-10-13,13:20,4,559
2024-10-13,13:20,5,206647
2024-10-13,13:20,6,49529
2024-10-13,13:20,7,38757
2024-10-13,13:20,8,49026
2024-10-13,13:20,9,49026
2024-10-13,13:20,10,38757
2024-10-13,16:20,1,38757
2024-10-13,16:20,2,285
2024-10-13,16:20,3,49529
2024-10-13,16:20,4,559
2024-10-13,16:20,5,49529
2024-10-13,16:20,6,559
2024-10-13,16:20,7,38757
2024-10-13,16:20,8,559
2024-10-13,16:20,9,38757
2024-10-13,16:20,10,49529
2024-10-13,19:20,1,285
2024-10-13,19:20,2,559
2024-10-13,19:20,3,285
2024-10-13,19:20,4,19995
2024-10-13,19:20,5,19995
2024-10-13,19:20,6,49529
2024-10-13,19:20,7,285
2024-10-13,19:20,8,38757
2024-10-13,19:20,9,19995
2024-10-13,19:20,10,285
2024-10-13,22:20,1,19995
2024-10-13,22:20,2,49026
2024-10-13,22:20,3,38757
2024-10-13,22:20,4,285
2024-10-13,22:20,5,49529
2024-10-13,22:20,6,206647
2024-10-13,22:20,7,49026
2024-10-13,22:20,8,49529
2024-10-13,22:20,9,19995
2024-10-13,22:20,10,285
2024-10-14,04:20,1,285
2024-10-14,04:20,2,19995
2024-10-14,04:20,3,49026
2024-10-14,04:20,4,19995
2024-10-14,04:20,5,49026
2024-10-14,04:20,6,38757
2024-10-14,04:20,7,559
2024-10-14,04:20,8,206647
2024-10-14,04:20,9,206647
2024-10-14,04:20,10,19995
2024-10-14,07:20,1,38757
2024-10-14,07:20,2,19995
2024-10-14,07:20,3,49529
2024-10-14,07:20,4,49529
2024-10-14,07:20,5,285
2024-10-14,07:20,6,559
2024-10-14,07:20,7,285
2024-10-14,07:20,8,49026
2024-10-14,07:20,9,206647
2024-10-14,07:20,10,49529
2024-10-14,10:20,1,285
2024-10-14,10:20,2,38757
2024-10-14,10:20,3,206647
2024-10-14,10:20,4,206647
2024-10-14,10:20,5,49529
2024-10-14,10:20,6,206647
2024-10-14,10:20,7,206647
2024-10-14,10:20,8,49026
2024-10-14,10:20,9,559
2024-10-14,10:20,10,19995
2024-10-14,13:20,1,49026
2024-10-14,13:20,2,206647
2024-10-14,13:20,3,49529
2024-10-14,13:20,4,285
2024-10-14,13:20,5,19995
2024-10-14,13:20,6,206647
2024-10-14,13:20,7,49026
2024-10-14,13:20,8,49026
2024-10-14,13:20,9,49529
2024-10-14,13:20,10,285
2024-10-14,16:20,1,559
2024-10-14,16:20,2,49529
2024-10-14,16:20,3,206647
2024-10-14,16:20,4,38757
2024-10-14,16:20,5,19995
2024-10-14,16:20,6,285
2024-10-14,16:20,7,206647
2024-10-14,16:20,8,49529
2024-10-14,16:20,9,38757
2024-10-14,16:20,10,49026
2024-10-14,19:20,1,49529
2024-10-14,19:20,2,49026
2024-10-14,19:20,3,206647
2024-10-14,19:20,4,285
2024-10-14,19:20,5,38757
2024-10-14,19:20,6,285
2024-10-14,19:20,7,38757
2024-10-14,19:20,8,206647
2024-10-14,19:20,9,285
2024-10-14,19:20,10,49026
2024-10-14,22:20,1,49529
2024-10-14,22:20,2,19995
2024-10-14,22:20,3,38757
2024-10-14,22:20,4,49026
2024-10-14,22:20,5,206647
2024-10-14,22:20,6,19995
2024-10-14,22:20,7,38757
2024-10-14,22:20,8,206647
2024-10-14,22:20,9,49026
2024-10-14,22:20,10,19995
2024-10-15,04:20,1,285
2024-10-15,04:20,2,49026
2024-10-15,04:20,3,49026
2024-10-15,04:20,4,49529
2024-10-15,04:20,5,206647
2024-10-15,04:20,6,285
2024-10-15,04:20,7,49529
2024-10-15,04:20,8,285
2024-10-15,04:20,9,285
2024-10-15,04:20,10,38757
2024-10-15,07:20,1,49026
2024-10-15,07:20,2,49529
2024-10-15,07:20,3,559
2024-10-15,07:20,4,559
2024-10-15,07:20,5,49026
2024-10-15,07:20,6,285
2024-10-15,07:20,7,49529
2024-10-15,07:20,8,49026
2024-10-15,07:20,9,38757
2024-10-15,07:20,10,285
2024-10-15,10:20,1,285
2024-10-15,10:20,2,49529
2024-10-15,10:20,3,19995
2024-10-15,10:20,4,285
2024-10-15,10:20,5,206647
2024-10-15,10:20,6,49026
2024-10-15,10:20,7,38757
2024-10-15,10:20,8,285
2024-10-15,10:20,9,206647
2024-10-15,10:20,10,49529
2024-10-15,13:20,1,559
2024-10-15,13:20,2,19995
2024-10-15,13:20,3,38757
2024-10-15,13:20,4,285
2024-10-15,13:20,5,49529
2024-10-15,13:20,6,38757
2024-10-15,13:20,7,206647
2024-10-15,13:20,8,206647
2024-10-15,13:20,9,38757
2024-10-15,13:20,10,38757
2024-10-15,16:20,1,285
2024-10-15,16:20,2,38757
2024-10-15,16:20,3,559
2024-10-15,16:20,4,49026
2024-10-15,16:20,5,559
2024-10-15,16:20,6,49529
2024-10-15,16:20,7,559
2024-10-15,16:20,8,38757
2024-10-15,16:20,9,19995
2024-10-15,16:20,10,285
2024-10-15,19:20,1,285
2024-10-15,19:20,2,38757
2024-10-15,19:20,3,559
2024-10-15,19:20,4,49529
2024-10-15,19:20,5,38757
2024-10-15,19:20,6,559
2024-10-15,19:20,7,206647
2024-10-15,19:20,8,206647
2024-10-15,19:20,9,38757
2024-10-15,19:20,10,19995
2024-10-15,22:20,1,38757
2024-10-15,22:20,2,559
2024-10-15,22:20,3,19995
2024-10-15,22:20,4,38757
2024-10-15,22:20,5,285
2024-10-15,22:20,6,49529
2024-10-15,22:20,7,206647
2024-10-15,22:20,8,49026
2024-10-15,22:20,9,49529
2024-10-15,22:20,10,49529
2024-10-16,04:20,1,206647
2024-10-16,04:20,2,49026
2024-10-16,04:20,3,206647
2024-10-16,04:20,4,38757
2024-10-16,04:20,5,49026
2024-10-16,04:20,6,38757
2024-10-16,04:20,7,19995
2024-10-16,04:20,8,38757
2024-10-16,04:20,9,559
2024-10-16,04:20,10,49026
2024-10-16,07:20,1,38757
2024-10-16,07:20,2,19995
2024-10-16,07:20,3,19995
2024-10-16,07:20,4,285
2024-10-16,07:20,5,206647
2024-10-16,07:20,6,49026
2024-10-16,07:20,7,559
2024-10-16,07:20,8,38757
2024-10-16,07:20,9,19995
2024-10-16,07:20,10,49026
2024-10-16,10:20,1,285
2024-10-16,10:20,2,19995
2024-10-16,10:20,3,49026
2024-10-16,10:20,4,19995
2024-10-16,10:20,5,19995
2024-10-16,10:20,6,206647
2024-10-16,10:20,7,285
2024-10-16,10:20,8,559
2024-10-16,10:20,9,206647
2024-10-16,10:20,10,19995
2024-10-16,13:20,1,559
2024-10-16,13:20,2,559
2024-10-16,13:20,3,49529
2024-10-16,13:20,4,49026
2024-10-16,13:20,5,559
2024-10-16,13:20,6,206647
2024-10-16,13:20,7,559
2024-10-16,13:20,8,49529
2024-10-16,13:20,9,559
2024-10-16,13:20,10,559
2024-10-16,16:20,1,285
2024-10-16,16:20,2,206647
2024-10-16,16:20,3,49026
2024-10-16,16:20,4,285
2024-10-16,16:20,5,285
2024-10-16,16:20,6,49026
2024-10-16,16:20,7,49529
2024-10-16,16:20,8,49026
2024-10-16,16:20,9,19995
2024-10-16,16:20,10,49529
2024-10-16,19:20,1,285
2024-10-16,19:20,2,559
2024-10-16,19:20,3,38757
2024-10-16,19:20,4,49026
2024-10-16,19:20,5,49529
2024-10-16,19:20,6,49529
2024-10-16,19:20,7,38757
2024-10-16,19:20,8,49529
2024-10-16,19:20,9,19995
2024-10-16,19:20,10,49529
2024-10-16,22:20,1,19995
2024-10-16,22:20,2,206647
2024-10-16,22:20,3,206647
2024-10-16,22:20,4,206647
2024-10-16,22:20,5,285
2024-10-16,22:20,6,285
2024-10-16,22:20,7,38757
2024-10-16,22:20,8,38757
2024-10-16,22:20,9,49529
2024-10-16,22:20,10,285
2024-10-17,04:20,1,285
2024-10-17,04:20,2,206647
2024-10-17,04:20,3,19995
2024-10-17,04:20,4,285
2024-10-17,04:20,5,49026
2024-10-17,04:20,6,38757
2024-10-17,04:20,7,559
2024-10-17,04:20,8,49529
2024-10-17,04:20,9,206647
2024-10-17,04:20,10,49026
2024-10-17,07:20,1,38757
2024-10-17,07:20,2,49026
2024-10-17,07:20,3,559
2024-10-17,07:20,4,38757
2024-10-17,07:20,5,49529
2024-10-17,07:20,6,19995
2024-10-17,07:20,7,49529
2024-10-17,07:20,8,559
2024-10-17,07:20,9,49026
2024-10-17,07:20,10,559
2024-10-17,10:20,1,285
2024-10-17,10:20,2,206647
2024-10-17,10:20,3,49529
2024-10-17,10:20,4,559
2024-10-17,10:20,5,19995
2024-10-17,10:20,6,49529
2024-10-17,10:20,7,38757
2024-10-17,10:20,8,38757
2024-10-17,10:20,9,19995
2024-10-17,10:20,10,285
2024-10-17,13:20,1,49026
2024-10-17,13:20,2,19995
2024-10-17,13:20,3,49026
2024-10-17,13:20,4,38757
2024-10-17,13:20,5,49529
2024-10-17,13:20,6,49529
2024-10-17,13:20,7,206647
2024-10-17,13:20,8,285
2024-10-17,13:20,9,19995
2024-10-17,13:20,10,19995
2024-10-17,16:20,1,49026
2024-10-17,16:20,2,285
2024-10-17,16:20,3,285
2024-10-17,16:20,4,38757
2024-10-17,16:20,5,49026
2024-10-17,16:20,6,559
2024-10-17,16:20,7,38757
2024-10-17,16:20,8,559
2024-10-17,16:20,9,559
2024-10-17,16:20,10,49529
2024-10-17,19:20,1,49026
2024-10-17,19:20,2,49026
2024-10-17,19:20,3,49529
2024-10-17,19:20,4,559
2024-10-17,19:20,5,49026
2024-10-17,19:20,6,38757
2024-10-17,19:20,7,49529
2024-10-17,19:20,8,49026
2024-10-17,19:20,9,38757
2024-10-17,19:20,10,206647
2024-10-17,22:20,1,285
2024-10-17,22:20,2,49529
2024-10-17,22:20,3,19995
2024-10-17,22:20,4,38757
2024-10-17,22:20,5,38757
2024-10-17,22:20,6,49026
2024-10-17,22:20,7,49529
2024-10-17,22:20,8,19995
2024-10-17,22:20,9,559
2024-10-17,22:20,10,49529
2024-10-18,04:20,1,285
2024-10-18,04:20,2,285
2024-10-18,04:20,3,559
2024-10-18,04:20,4,49529
2024-10-18,04:20,5,285
2024-10-18,04:20,6,49529
2024-10-18,04:20,7,559
2024-10-18,04:20,8,49529
2024-10-18,04:20,9,559
2024-10-18,04:20,10,49026
2024-10-18,07:20,1,285
2024-10-18,07:20,2,38757
2024-10-18,07:20,3,206647
2024-10-18,07:20,4,49529
2024-10-18,07:20,5,19995
2024-10-18,07:20,6,49529
2024-10-18,07:20,7,285
2024-10-18,07:20,8,49026
2024-10-18,07:20,9,285
2024-10-18,07:20,10,38757
2024-10-18,10:20,1,559
2024-10-18,10:20,2,38757
2024-10-18,10:20,3,49529
2024-10-18,10:20,4,49026
2024-10-18,10:20,5,19995
2024-10-18,10:20,6,49529
2024-10-18,10:20,7,38757
2024-10-18,10:20,8,559
2024-10-18,10:20,9,19995
2024-10-18,10:20,10,38757
2024-10-18,13:20,1,38757
2024-10-18,13:20,2,285
2024-10-18,13:20,3,206647
2024-10-18,13:20,4,206647
2024-10-18,13:20,5,206647
2024-10-18,13:20,6,19995
2024-10-18,13:20,7,285
2024-10-18,13:20,8,206647
2024-10-18,13:20,9,49026
2024-10-18,13:20,10,559
2024-10-18,16:20,1,49529
2024-10-18,16:20,2,559
2024-10-18,16:20,3,206647
2024-10-18,16:20,4,38757
2024-10-18,16:20,5,49026
2024-10-18,16:20,6,49026
2024-10-18,16:20,7,285
2024-10-18,16:20,8,19995
2024-10-18,16:20,9,38757
2024-10-18,16:20,10,285
2024-10-18,19:20,1,285
2024-10-18,19:20,2,206647
2024-10-18,19:20,3,285
2024-10-18,19:20,4,206647
2024-10-18,19:20,5,38757
2024-10-18,19:20,6,206647
2024-10-18,19:20,7,19995
2024-10-18,19:20,8,49026
2024-10-18,19:20,9,19995
2024-10-18,19:20,10,49026
2024-10-18,22:20,1,49026
2024-10-18,22:20,2,285
2024-10-18,22:20,3,19995
2024-10-18,22:20,4,285
2024-10-18,22:20,5,49026
2024-10-18,22:20,6,49529
2024-10-18,22:20,7,285
2024-10-18,22:20,8,285
2024-10-18,22:20,9,285
2024-10-18,22:20,10,49026
2024-10-19,04:20,1,19995
2024-10-19,04:20,2,49026
2024-10-19,04:20,3,19995
2024-10-19,04:20,4,38757
2024-10-19,04:20,5,19995
2024-10-19,04:20,6,38757
2024-10-19,04:20,7,49026
2024-10-19,04:20,8,206647
2024-10-19,04:20,9,49026
2024-10-19,04:20,10,49529
2024-10-19,07:20,1,559
2024-10-19,07:20,2,19995
2024-10-19,07:20,3,559
2024-10-19,07:20,4,49529
2024-10-19,07:20,5,38757
2024-10-19,07:20,6,49026
2024-10-19,07:20,7,559
2024-10-19,07:20,8,38757
2024-10-19,07:20,9,49026
2024-10-19,07:20,10,49026
2024-10-19,10:20,1,285
2024-10-19,10:20,2,206647
2024-10-19,10:20,3,49529
2024-10-19,10:20,4,49026
2024-10-19,10:20,5,49026
2024-10-19,10:20,6,206647
2024-10-19,10:20,7,49026
2024-10-19,10:20,8,206647
2024-10-19,10:20,9,19995
2024-10-19,10:20,10,285
2024-10-19,13:20,1,49026
2024-10-19,13:20,2,49529
2024-10-19,13:20,3,285
2024-10-19,13:20,4,38757
2024-10-19,13:20,5,206647
2024-10-19,13:20,6,559
2024-10-19,13:20,7,49529
2024-10-19,13:20,8,285
2024-10-19,13:20,9,19995
2024-10-19,13:20,10,49529
2024-10-19,16:20,1,49026
2024-10-19,16:20,2,285
2024-10-19,16:20,3,49026
2024-10-19,16:20,4,285
2024-10-19,16:20,5,49529
2024-10-19,16:20,6,559
2024-10-19,16:20,7,19995
2024-10-19,16:20,8,49529
2024-10-19,16:20,9,559
2024-10-19,16:20,10,19995
2024-10-19,19:20,1,49529
2024-10-19,19:20,2,559
2024-10-19,19:20,3,285
2024-10-19,19:20,4,19995
2024-10-19,19:20,5,49026
2024-10-19,19:20,6,19995
2024-10-19,19:20,7,19995
2024-10-19,19:20,8,38757
2024-10-19,19:20,9,285
2024-10-19,19:20,10,49529
2024-10-19,22:20,1,206647
2024-10-19,22:20,2,19995
2024-10-19,22:20,3,49529
2024-10-19,22:20,4,49529
2024-10-19,22:20,5,38757
2024-10-19,22:20,6,285
2024-10-19,22:20,7,49026
2024-10-19,22:20,8,38757
2024-10-19,22:20,9,49026
2024-10-19,22:20,10,38757
2024-10-20,04:20,1,559
2024-10-20,04:20,2,285
2024-10-20,04:20,3,49026
2024-10-20,04:20,4,285
2024-10-20,04:20,5,19995
2024-10-20,04:20,6,285
2024-10-20,04:20,7,38757
2024-10-20,04:20,8,206647
2024-10-20,04:20,9,206647
2024-10-20,04:20,10,285
2024-10-20,07:20,1,38757
2024-10-20,07:20,2,206647
2024-10-20,07:20,3,206647
2024-10-20,07:20,4,206647
2024-10-20,07:20,5,206647
2024-10-20,07:20,6,19995
2024-10-20,07:20,7,19995
2024-10-20,07:20,8,38757
2024-10-20,07:20,9,559
2024-10-20,07:20,10,49529
2024-10-20,10:20,1,206647
2024-10-20,10:20,2,49529
2024-10-20,10:20,3,38757
2024-10-20,10:20,4,19995
2024-10-20,10:20,5,49529
2024-10-20,10:20,6,38757
2024-10-20,10:20,7,559
2024-10-20,10:20,8,38757
2024-10-20,10:20,9,38757
2024-10-20,10:20,10,285
2024-10-20,13:20,1,19995
2024-10-20,13:20,2,49529
2024-10-20,13:20,3,206647
2024-10-20,13:20,4,19995
2024-10-20,13:20,5,38757
2024-10-20,13:20,6,206647
2024-10-20,13:20,7,49529
2024-10-20,13:20,8,206647
2024-10-20,13:20,9,19995
2024-10-20,13:20,10,206647
2024-10-20,16:20,1,38757
2024-10-20,16:20,2,206647
2024-10-20,16:20,3,285
2024-10-20,16:20,4,559
2024-10-20,16:20,5,49529
2024-10-20,16:20,6,38757
2024-10-20,16:20,7,38757
2024-10-20,16:20,8,49026
2024-10-20,16:20,9,38757
2024-10-20,16:20,10,49529
2024-10-20,19:20,1,19995
2024-10-20,19:20,2,49529
2024-10-20,19:20,3,19995
2024-10-20,19:20,4,38757
2024-10-20,19:20,5,206647
2024-10-20,19:20,6,38757
2024-10-20,19:20,7,285
2024-10-20,19:20,8,285
2024-10-20,19:20,9,285
2024-10-20,19:20,10,206647
2024-10-20,22:20,1,49026
2024-10-20,22:20,2,19995
2024-10-20,22:20,3,206647
2024-10-20,22:20,4,49529
2024-10-20,22:20,5,49026
2024-10-20,22:20,6,206647
2024-10-20,22:20,7,285
2024-10-20,22:20,8,38757
2024-10-20,22:20,9,19995
2024-10-20,22:20,10,38757
2024-10-21,04:20,1,49529
2024-10-21,04:20,2,19995
2024-10-21,04:20,3,206647
2024-10-21,04:20,4,38757
2024-10-21,04:20,5,206647
2024-10-21,04:20,6,206647
2024-10-21,04:20,7,49529
2024-10-21,04:20,8,559
2024-10-21,04:20,9,19995
2024-10-21,04:20,10,559
2024-10-21,07:20,1,49529
2024-10-21,07:20,2,49026
2024-10-21,07:20,3,49026
2024-10-21,07:20,4,285
2024-10-21,07:20,5,49529
2024-10-21,07:20,6,206647
2024-10-21,07:20,7,49026
2024-10-21,07:20,8,19995
2024-10-21,07:20,9,49529
2024-10-21,07:20,10,285
2024-10-21,10:20,1,38757
2024-10-21,10:20,2,19995
2024-10-21,10:20,3,285
2024-10-21,10:20,4,49026
2024-10-21,10:20,5,49529
2024-10-21,10:20,6,19995
2024-10-21,10:20,7,49529
2024-10-21,10:20,8,49026
2024-10-21,10:20,9,206647
2024-10-21,10:20,10,49026
2024-10-21,13:20,1,49026
2024-10-21,13:20,2,559
2024-10-21,13:20,3,19995
2024-10-21,13:20,4,49529
2024-10-21,13:20,5,206647
2024-10-21,13:20,6,38757
2024-10-21,13:20,7,19995
2024-10-21,13:20,8,19995
2024-10-21,13:20,9,49026
2024-10-21,13:20,10,49026
2024-10-21,16:20,1,49026
2024-10-21,16:20,2,19995
2024-10-21,16:20,3,206647
2024-10-21,16:20,4,49529
2024-10-21,16:20,5,206647
2024-10-21,16:20,6,559
2024-10-21,16:20,7,49529
2024-10-21,16:20,8,285
2024-10-21,16:20,9,38757
2024-10-21,16:20,10,206647
2024-10-21,19:20,1,19995
2024-10-21,19:20,2,559
2024-10-21,19:20,3,285
2024-10-21,19:20,4,38757
2024-10-21,19:20,5,49529
2024-10-21,19:20,6,49529
2024-10-21,19:20,7,285
2024-10-21,19:20,8,38757
2024-10-21,19:20,9,38757
2024-10-21,19:20,10,206647
2024-10-21,22:20,1,38757
2024-10-21,22:20,2,49026
2024-10-21,22:20,3,49026
2024-10-21,22:20,4,19995
2024-10-21,22:20,5,49529
2024-10-21,22:20,6,49026
2024-10-21,22:20,7,206647
2024-10-21,22:20,8,19995
2024-10-21,22:20,9,285
2024-10-21,22:20,10,559
2024-10-22,04:20,1,559
2024-10-22,04:20,2,559
2024-10-22,04:20,3,19995
2024-10-22,04:20,4,49026
2024-10-22,04:20,5,49529
2024-10-22,04:20,6,206647
2024-10-22,04:20,7,559
2024-10-22,04:20,8,285
2024-10-22,04:20,9,285
2024-10-22,04:20,10,285
2024-10-22,07:20,1,19995
2024-10-22,07:20,2,206647
2024-10-22,07:20,3,206647
2024-10-22,07:20,4,49529
2024-10-22,07:20,5,49026
2024-10-22,07:20,6,49529
2024-10-22,07:20,7,49529
2024-10-22,07:20,8,206647
2024-10-22,07:20,9,49529
2024-10-22,07:20,10,559
2024-10-22,10:20,1,206647
2024-10-22,10:20,2,206647
2024-10-22,10:20,3,19995
2024-10-22,10:20,4,206647
2024-10-22,10:20,5,19995
2024-10-22,10:20,6,49529
2024-10-22,10:20,7,206647
2024-10-22,10:20,8,285
2024-10-22,10:20,9,206647
2024-10-22,10:20,10,38757
2024-10-22,13:20,1,38757
2024-10-22,13:20,2,206647
2024-10-22,13:20,3,49529
2024-10-22,13:20,4,19995
2024-10-22,13:20,5,559
2024-10-22,13:20,6,49529
2024-10-22,13:20,7,38757
2024-10-22,13:20,8,19995
2024-10-22,13:20,9,49529
2024-10-22,13:20,10,559
2024-10-22,16:20,1,49026
2024-10-22,16:20,2,38757
2024-10-22,16:20,3,559
2024-10-22,16:20,4,285
2024-10-22,16:20,5,559
2024-10-22,16:20,6,49026
2024-10-22,16:20,7,559
2024-10-22,16:20,8,49026
2024-10-22,16:20,9,19995
2024-10-22,16:20,10,206647
2024-10-22,19:20,1,49026
2024-10-22,19:20,2,49529
2024-10-22,19:20,3,49026
2024-10-22,19:20,4,285
2024-10-22,19:20,5,559
2024-10-22,19:20,6,559
2024-10-22,19:20,7,559
2024-10-22,19:20,8,49529
2024-10-22,19:20,9,49026
2024-10-22,19:20,10,285
2024-10-22,22:20,1,49026
2024-10-22,22:20,2,38757
2024-10-22,22:20,3,49026
2024-10-22,22:20,4,38757
2024-10-22,22:20,5,38757
2024-10-22,22:20,6,19995
2024-10-22,22:20,7,206647
2024-10-22,22:20,8,559
2024-10-22,22:20,9,19995
2024-10-22,22:20,10,38757
2024-10-23,04:20,1,49026
2024-10-23,04:20,2,559
2024-10-23,04:20,3,19995
2024-10-23,04:20,4,49026
2024-10-23,04:20,5,559
2024-10-23,04:20,6,206647
2024-10-23,04:20,7,19995
2024-10-23,04:20,8,19995
2024-10-23,04:20,9,49026
2024-10-23,04:20,10,559
2024-10-23,07:20,1,285
2024-10-23,07:20,2,206647
2024-10-23,07:20,3,285
2024-10-23,07:20,4,19995
2024-10-23,07:20,5,38757
2024-10-23,07:20,6,285
2024-10-23,07:20,7,49529
2024-10-23,07:20,8,38757
2024-10-23,07:20,9,38757
2024-10-23,07:20,10,285
2024-10-23,10:20,1,285
2024-10-23,10:20,2,559
2024-10-23,10:20,3,38757
2024-10-23,10:20,4,49529
2024-10-23,10:20,5,38757
2024-10-23,10:20,6,206647
2024-10-23,10:20,7,206647
2024-10-23,10:20,8,38757
2024-10-23,10:20,9,49026
2024-10-23,10:20,10,206647
2024-10-23,13:20,1,49026
2024-10-23,13:20,2,38757
2024-10-23,13:20,3,559
2024-10-23,13:20,4,19995
2024-10-23,13:20,5,19995
2024-10-23,13:20,6,206647
2024-10-23,13:20,7,559
2024-10-23,13:20,8,49026
2024-10-23,13:20,9,49529
2024-10-23,13:20,10,19995
2024-10-23,16:20,1,49026
2024-10-23,16:20,2,206647
2024-10-23,16:20,3,38757
2024-10-23,16:20,4,559
2024-10-23,16:20,5,559
2024-10-23,16:20,6,49026
2024-10-23,16:20,7,49529
2024-10-23,16:20,8,206647
2024-10-23,16:20,9,49529
2024-10-23,16:20,10,19995
2024-10-23,19:20,1,206647
2024-10-23,19:20,2,19995
2024-10-23,19:20,3,49026
2024-10-23,19:20,4,206647
2024-10-23,19:20,5,206647
2024-10-23,19:20,6,559
2024-10-23,19:20,7,19995
2024-10-23,19:20,8,285
2024-10-23,19:20,9,19995
2024-10-23,19:20,10,19995
2024-10-23,22:20,1,49529
2024-10-23,22:20,2,285
2024-10-23,22:20,3,285
2024-10-23,22:20,4,19995
2024-10-23,22:20,5,38757
2024-10-23,22:20,6,49529
2024-10-23,22:20,7,285
2024-10-23,22:20,8,49529
2024-10-23,22:20,9,285
2024-10-23,22:20,10,49529
2024-10-24,04:20,1,49026
2024-10-24,04:20,2,559
2024-10-24,04:20,3,49529
2024-10-24,04:20,4,206647
2024-10-24,04:20,5,285
2024-10-24,04:20,6,206647
2024-10-24,04:20,7,38757
2024-10-24,04:20,8,49026
2024-10-24,04:20,9,49026
2024-10-24,04:20,10,38757
2024-10-24,07:20,1,285
2024-10-24,07:20,2,206647
2024-10-24,07:20,3,49026
2024-10-24,07:20,4,285
2024-10-24,07:20,5,19995
2024-10-24,07:20,6,559
2024-10-24,07:20,7,19995
2024-10-24,07:20,8,206647
2024-10-24,07:20,9,49529
2024-10-24,07:20,10,19995
2024-10-24,10:20,1,49026
2024-10-24,10:20,2,38757
2024-10-24,10:20,3,19995
2024-10-24,10:20,4,49026
2024-10-24,10:20,5,38757
2024-10-24,10:20,6,49529
2024-10-24,10:20,7,206647
2024-10-24,10:20,8,206647
2024-10-24,10:20,9,49529
2024-10-24,10:20,10,19995
2024-10-24,13:20,1,285
2024-10-24,13:20,2,49529
2024-10-24,13:20,3,559
2024-10-24,13:20,4,49529
2024-10-24,13:20,5,49026
2024-10-24,13:20,6,49026
2024-10-24,13:20,7,285
2024-10-24,13:20,8,49529
2024-10-24,13:20,9,38757
2024-10-24,13:20,10,285
2024-10-24,16:20,1,19995
2024-10-24,16:20,2,49529
2024-10-24,16:20,3,49026
2024-10-24,16:20,4,49026
2024-10-24,16:20,5,49529
2024-10-24,16:20,6,559
2024-10-24,16:20,7,49026
2024-10-24,16:20,8,49529
2024-10-24,16:20,9,49529
2024-10-24,16:20,10,49026
2024-10-24,19:20,1,285
2024-10-24,19:20,2,49026
2024-10-24,19:20,3,19995
2024-10-24,19:20,4,559
2024-10-24,19:20,5,19995
2024-10-24,19:20,6,38757
2024-10-24,19:20,7,38757
2024-10-24,19:20,8,49026
2024-10-24,19:20,9,19995
2024-10-24,19:20,10,559
2024-10-24,22:20,1,559
2024-10-24,22:20,2,285
2024-10-24,22:20,3,38757
2024-10-24,22:20,4,49026
2024-10-24,22:20,5,38757
2024-10-24,22:20,6,38757
2024-10-24,22:20,7,49026
2024-10-24,22:20,8,49529
2024-10-24,22:20,9,285
2024-10-24,22:20,10,206647
2024-10-25,04:20,1,49026
2024-10-25,04:20,2,206647
2024-10-25,04:20,3,49529
2024-10-25,04:20,4,285
2024-10-25,04:20,5,38757
2024-10-25,04:20,6,49026
2024-10-25,04:20,7,38757
2024-10-25,04:20,8,206647
2024-10-25,04:20,9,49026
2024-10-25,04:20,10,285
2024-10-25,07:20,1,49026
2024-10-25,07:20,2,285
2024-10-25,07:20,3,38757
2024-10-25,07:20,4,19995
2024-10-25,07:20,5,49529
2024-10-25,07:20,6,19995
2024-10-25,07:20,7,49026
2024-10-25,07:20,8,206647
2024-10-25,07:20,9,19995
2024-10-25,07:20,10,38757
2024-10-25,10:20,1,49529
2024-10-25,10:20,2,206647
2024-10-25,10:20,3,38757
2024-10-25,10:20,4,206647
2024-10-25,10:20,5,285
2024-10-25,10:20,6,559
2024-10-25,10:20,7,206647
2024-10-25,10:20,8,38757
2024-10-25,10:20,9,559
2024-10-25,10:20,10,19995
2024-10-25,13:20,1,206647
2024-10-25,13:20,2,206647
2024-10-25,13:20,3,285
2024-10-25,13:20,4,19995
2024-10-25,13:20,5,49026
2024-10-25,13:20,6,38757
2024-10-25,13:20,7,49026
2024-10-25,13:20,8,49529
2024-10-25,13:20,9,19995
2024-10-25,13:20,10,285
2024-10-25,16:20,1,38757
2024-10-25,16:20,2,285
2024-10-25,16:20,3,38757
2024-10-25,16:20,4,19995
2024-10-25,16:20,5,49529
2024-10-25,16:20,6,559
2024-10-25,16:20,7,49026
2024-10-25,16:20,8,559
2024-10-25,16:20,9,38757
2024-10-25,16:20,10,559
2024-10-25,19:20,1,38757
2024-10-25,19:20,2,19995
2024-10-25,19:20,3,285
2024-10-25,19:20,4,19995
2024-10-25,19:20,5,49529
2024-10-25,19:20,6,19995
2024-10-25,19:20,7,38757
2024-10-25,19:20,8,19995
2024-10-25,19:20,9,49026
2024-10-25,19:20,10,285
2024-10-25,22:20,1,285
2024-10-25,22:20,2,38757
2024-10-25,22:20,3,206647
2024-10-25,22:20,4,19995
2024-10-25,22:20,5,19995
2024-10-25,22:20,6,49026
2024-10-25,22:20,7,49529
2024-10-25,22:20,8,49026
2024-10-25,22:20,9,285
2024-10-25,22:20,10,206647
2024-10-26,04:20,1,559
2024-10-26,04:20,2,559
2024-10-26,04:20,3,49529
2024-10-26,04:20,4,49026
2024-10-26,04:20,5,49529
2024-10-26,04:20,6,19995
2024-10-26,04:20,7,206647
2024-10-26,04:20,8,285
2024-10-26,04:20,9,19995
2024-10-26,04:20,10,49026
2024-10-26,07:20,1,49529
2024-10-26,07:20,2,49026
2024-10-26,07:20,3,19995
2024-10-26,07:20,4,19995
2024-10-26,07:20,5,559
2024-10-26,07:20,6,206647
2024-10-26,07:20,7,19995
2024-10-26,07:20,8,559
2024-10-26,07:20,9,559
2024-10-26,07:20,10,559
2024-10-26,10:20,1,285
2024-10-26,10:20,2,559
2024-10-26,10:20,3,285
2024-10-26,10:20,4,49529
2024-10-26,10:20,5,38757
2024-10-26,10:20,6,206647
2024-10-26,10:20,7,559
2024-10-26,10:20,8,49026
2024-10-26,10:20,9,49529
2024-10-26,10:20,10,49529
2024-10-26,13:20,1,19995
2024-10-26,13:20,2,49529
2024-10-26,13:20,3,19995
2024-10-26,13:20,4,49026
2024-10-26,13:20,5,49529
2024-10-26,13:20,6,285
2024-10-26,13:20,7,49529
2024-10-26,13:20,8,559
2024-10-26,13:20,9,19995
2024-10-26,13:20,10,49026
2024-10-26,16:20,1,559
2024-10-26,16:20,2,49529
2024-10-26,16:20,3,49529
2024-10-26,16:20,4,19995
2024-10-26,16:20,5,285
2024-10-26,16:20,6,285
2024-10-26,16:20,7,49026
2024-10-26,16:20,8,49529
2024-10-26,16:20,9,49026
2024-10-26,16:20,10,49529
2024-10-26,19:20,1,19995
2024-10-26,19:20,2,285
2024-10-26,19:20,3,285
2024-10-26,19:20,4,49529
2024-10-26,19:20,5,38757
2024-10-26,19:20,6,38757
2024-10-26,19:20,7,206647
2024-10-26,19:20,8,285
2024-10-26,19:20,9,19995
2024-10-26,19:20,10,206647
2024-10-26,22:20,1,206647
2024-10-26,22:20,2,19995
2024-10-26,22:20,3,49026
2024-10-26,22:20,4,38757
2024-10-26,22:20,5,285
2024-10-26,22:20,6,19995
2024-10-26,22:20,7,559
2024-10-26,22:20,8,49529
2024-10-26,22:20,9,285
2024-10-26,22:20,10,206647
2024-10-27,04:20,1,49529
2024-10-27,04:20,2,559
2024-10-27,04:20,3,19995
2024-10-27,04:20,4,206647
2024-10-27,04:20,5,49529
2024-10-27,04:20,6,206647
2024-10-27,04:20,7,206647
2024-10-27,04:20,8,206647
2024-10-27,04:20,9,206647
2024-10-27,04:20,10,19995
2024-10-27,07:20,1,559
2024-10-27,07:20,2,38757
2024-10-27,07:20,3,559
2024-10-27,07:20,4,38757
2024-10-27,07:20,5,49026
2024-10-27,07:20,6,559
2024-10-27,07:20,7,559
2024-10-27,07:20,8,559
2024-10-27,07:20,9,19995
2024-10-27,07:20,10,559
2024-10-27,10:20,1,19995
2024-10-27,10:20,2,206647
2024-10-27,10:20,3,559
2024-10-27,10:20,4,49529
2024-10-27,10:20,5,206647
2024-10-27,10:20,6,206647
2024-10-27,10:20,7,19995
2024-10-27,10:20,8,206647
2024-10-27,10:20,9,559
2024-10-27,10:20,10,285
2024-10-27,13:20,1,559
2024-10-27,13:20,2,206647
2024-10-27,13:20,3,49026
2024-10-27,13:20,4,559
2024-10-27,13:20,5,206647
2024-10-27,13:20,6,19995
2024-10-27,13:20,7,49026
2024-10-27,13:20,8,38757
2024-10-27,13:20,9,49529
2024-10-27,13:20,10,49026
2024-10-27,16:20,1,38757
2024-10-27,16:20,2,206647
2024-10-27,16:20,3,285
2024-10-27,16:20,4,206647
2024-10-27,16:20,5,49529
2024-10-27,16:20,6,206647
2024-10-27,16:20,7,49529
2024-10-27,16:20,8,38757
2024-10-27,16:20,9,559
2024-10-27,16:20,10,49529
2024-10-27,19:20,1,285
2024-10-27,19:20,2,49529
2024-10-27,19:20,3,285
2024-10-27,19:20,4,559
2024-10-27,19:20,5,49026
2024-10-27,19:20,6,559
2024-10-27,19:20,7,49529
2024-10-27,19:20,8,38757
2024-10-27,19:20,9,285
2024-10-27,19:20,10,19995
2024-10-27,22:20,1,38757
2024-10-27,22:20,2,559
2024-10-27,22:20,3,49529
2024-10-27,22:20,4,285
2024-10-27,22:20,5,19995
2024-10-27,22:20,6,49529
2024-10-27,22:20,7,49529
2024-10-27,22:20,8,49529
2024-10-27,22:20,9,19995
2024-10-27,22:20,10,285
2024-10-28,04:20,1,49529
2024-10-28,04:20,2,285
2024-10-28,04:20,3,38757
2024-10-28,04:20,4,206647
2024-10-28,04:20,5,206647
2024-10-28,04:20,6,19995
2024-10-28,04:20,7,19995
2024-10-28,04:20,8,38757
2024-10-28,04:20,9,38757
2024-10-28,04:20,10,285
2024-10-28,07:20,1,49529
2024-10-28,07:20,2,285
2024-10-28,07:20,3,559
2024-10-28,07:20,4,49529
2024-10-28,07:20,5,49529
2024-10-28,07:20,6,559
2024-10-28,07:20,7,206647
2024-10-28,07:20,8,559
2024-10-28,07:20,9,19995
2024-10-28,07:20,10,38757
2024-10-28,10:20,1,206647
2024-10-28,10:20,2,285
2024-10-28,10:20,3,19995
2024-10-28,10:20,4,559
2024-10-28,10:20,5,38757
2024-10-28,10:20,6,206647
2024-10-28,10:20,7,49529
2024-10-28,10:20,8,38757
2024-10-28,10:20,9,49529
2024-10-28,10:20,10,559
2024-10-28,13:20,1,19995
2024-10-28,13:20,2,559
2024-10-28,13:20,3,38757
2024-10-28,13:20,4,49529
2024-10-28,13:20,5,49026
2024-10-28,13:20,6,49026
2024-10-28,13:20,7,49529
2024-10-28,13:20,8,38757
2024-10-28,13:20,9,49026
2024-10-28,13:20,10,19995
2024-10-28,16:20,1,49529
2024-10-28,16:20,2,38757
2024-10-28,16:20,3,38757
2024-10-28,16:20,4,49529
2024-10-28,16:20,5,49026
2024-10-28,16:20,6,19995
2024-10-28,16:20,7,38757
2024-10-28,16:20,8,49529
2024-10-28,16:20,9,38757
2024-10-28,16:20,10,285
2024-10-28,19:20,1,206647
2024-10-28,19:20,2,285
2024-10-28,19:20,3,206647
2024-10-28,19:20,4,206647
2024-10-28,19:20,5,285
2024-10-28,19:20,6,38757
2024-10-28,19:20,7,206647
2024-10-28,19:20,8,38757
2024-10-28,19:20,9,559
2024-10-28,19:20,10,49026
2024-10-28,22:20,1,38757
2024-10-28,22:20,2,49026
2024-10-28,22:20,3,206647
2024-10-28,22:20,4,38757
2024-10-28,22:20,5,559
2024-10-28,22:20,6,559
2024-10-28,22:20,7,206647
2024-10-28,22:20,8,559
2024-10-28,22:20,9,38757
2024-10-28,22:20,10,49026
2024-10-29,04:20,1,559
2024-10-29,04:20,2,206647
2024-10-29,04:20,3,49529
2024-10-29,04:20,4,49026
2024-10-29,04:20,5,206647
2024-10-29,04:20,6,38757
2024-10-29,04:20,7,38757
2024-10-29,04:20,8,38757
2024-10-29,04:20,9,38757
2024-10-29,04:20,10,19995
2024-10-29,07:20,1,49529
2024-10-29,07:20,2,559
2024-10-29,07:20,3,19995
2024-10-29,07:20,4,206647
2024-10-29,07:20,5,285
2024-10-29,07:20,6,49026
2024-10-29,07:20,7,559
2024-10-29,07:20,8,38757
2024-10-29,07:20,9,19995
2024-10-29,07:20,10,206647
2024-10-29,10:20,1,49529
2024-10-29,10:20,2,206647
2024-10-29,10:20,3,49529
2024-10-29,10:20,4,19995
2024-10-29,10:20,5,38757
2024-10-29,10:20,6,206647
2024-10-29,10:20,7,49026
2024-10-29,10:20,8,49529
2024-10-29,10:20,9,49529
2024-10-29,10:20,10,19995
2024-10-29,13:20,1,206647
2024-10-29,13:20,2,285
2024-10-29,13:20,3,38757
2024-10-29,13:20,4,49026
2024-10-29,13:20,5,19995
2024-10-29,13:20,6,206647
2024-10-29,13:20,7,49026
2024-10-29,13:20,8,19995
2024-10-29,13:20,9,38757
2024-10-29,13:20,10,559
2024-10-29,16:20,1,49529
2024-10-29,16:20,2,19995
2024-10-29,16:20,3,285
2024-10-29,16:20,4,19995
2024-10-29,16:20,5,19995
2024-10-29,16:20,6,206647
2024-10-29,16:20,7,38757
2024-10-29,16:20,8,285
2024-10-29,16:20,9,206647
2024-10-29,16:20,10,206647
2024-10-29,19:20,1,49529
2024-10-29,19:20,2,206647
2024-10-29,19:20,3,19995
2024-10-29,19:20,4,49529
2024-10-29,19:20,5,49026
2024-10-29,19:20,6,559
2024-10-29,19:20,7,38757
2024-10-29,19:20,8,19995
2024-10-29,19:20,9,49026
2024-10-29,19:20,10,38757
2024-10-29,22:20,1,19995
2024-10-29,22:20,2,49529
2024-10-29,22:20,3,285
2024-10-29,22:20,4,19995
2024-10-29,22:20,5,49026
2024-10-29,22:20,6,285
2024-10-29,22:20,7,49026
2024-10-29,22:20,8,559
2024-10-29,22:20,9,49529
2024-10-29,22:20,10,49026
2024-10-30,04:20,1,49026
2024-10-30,04:20,2,49026
2024-10-30,04:20,3,559
2024-10-30,04:20,4,19995
2024-10-30,04:20,5,206647
2024-10-30,04:20,6,49529
2024-10-30,04:20,7,285
2024-10-30,04:20,8,19995
2024-10-30,04:20,9,559
2024-10-30,04:20,10,38757
2024-10-30,07:20,1,49529
2024-10-30,07:20,2,19995
2024-10-30,07:20,3,559
2024-10-30,07:20,4,49026
2024-10-30,07:20,5,49529
2024-10-30,07:20,6,38757
2024-10-30,07:20,7,49026
2024-10-30,07:20,8,19995
2024-10-30,07:20,9,49529
2024-10-30,07:20,10,206647
2024-10-30,10:20,1,49529
2024-10-30,10:20,2,559
2024-10-30,10:20,3,285
2024-10-30,10:20,4,38757
2024-10-30,10:20,5,559
2024-10-30,10:20,6,285
2024-10-30,10:20,7,285
2024-10-30,10:20,8,19995
2024-10-30,10:20,9,38757
2024-10-30,10:20,10,206647
2024-10-30,13:20,1,19995
2024-10-30,13:20,2,49026
2024-10-30,13:20,3,49529
2024-10-30,13:20,4,559
2024-10-30,13:20,5,206647
2024-10-30,13:20,6,49529
2024-10-30,13:20,7,285
2024-10-30,13:20,8,49529
2024-10-30,13:20,9,559
2024-10-30,13:20,10,19995
2024-10-30,16:20,1,559
2024-10-30,16:20,2,285
2024-10-30,16:20,3,49529
2024-10-30,16:20,4,285
2024-10-30,16:20,5,206647
2024-10-30,16:20,6,206647
2024-10-30,16:20,7,49026
2024-10-30,16:20,8,559
2024-10-30,16:20,9,49529
2024-10-30,16:20,10,49026
2024-10-30,19:20,1,49026
2024-10-30,19:20,2,206647
2024-10-30,19:20,3,19995
2024-10-30,19:20,4,559
2024-10-30,19:20,5,206647
2024-10-30,19:20,6,49026
2024-10-30,19:20,7,19995
2024-10-30,19:20,8,285
2024-10-30,19:20,9,285
2024-10-30,19:20,10,19995
2024-10-30,22:20,1,49026
2024-10-30,22:20,2,19995
2024-10-30,22:20,3,49529
2024-10-30,22:20,4,559
2024-10-30,22:20,5,49529
2024-10-30,22:20,6,559
2024-10-30,22:20,7,559
2024-10-30,22:20,8,285
2024-10-30,22:20,9,38757
2024-10-30,22:20,10,285
2024-10-31,04:20,1,285
2024-10-31,04:20,2,285
2024-10-31,04:20,3,49529
2024-10-31,04:20,4,49529
2024-10-31,04:20,5,285
2024-10-31,04:20,6,285
2024-10-31,04:20,7,19995
2024-10-31,04:20,8,285
2024-10-31,04:20,9,49026
2024-10-31,04:20,10,49026
2024-10-31,07:20,1,285
2024-10-31,07:20,2,285
2024-10-31,07:20,3,19995
2024-10-31,07:20,4,285
2024-10-31,07:20,5,49026
2024-10-31,07:20,6,559
2024-10-31,07:20,7,206647
2024-10-31,07:20,8,559
2024-10-31,07:20,9,38757
2024-10-31,07:20,10,49026
2024-10-31,10:20,1,49026
2024-10-31,10:20,2,38757
2024-10-31,10:20,3,49529
2024-10-31,10:20,4,206647
2024-10-31,10:20,5,559
2024-10-31,10:20,6,38757
2024-10-31,10:20,7,49529
2024-10-31,10:20,8,19995
2024-10-31,10:20,9,19995
2024-10-31,10:20,10,38757
2024-10-31,13:20,1,19995
2024-10-31,13:20,2,559
2024-10-31,13:20,3,206647
2024-10-31,13:20,4,285
2024-10-31,13:20,5,49529
2024-10-31,13:20,6,559
2024-10-31,13:20,7,206647
2024-10-31,13:20,8,19995
2024-10-31,13:20,9,49026
2024-10-31,13:20,10,38757
2024-10-31,16:20,1,49529
2024-10-31,16:20,2,19995
2024-10-31,16:20,3,49026
2024-10-31,16:20,4,49529
2024-10-31,16:20,5,49529
2024-10-31,16:20,6,19995
2024-10-31,16:20,7,19995
2024-10-31,16:20,8,19995
2024-10-31,16:20,9,49026
2024-10-31,16:20,10,19995
2024-10-31,19:20,1,206647
2024-10-31,19:20,2,559
2024-10-31,19:20,3,206647
2024-10-31,19:20,4,206647
2024-10-31,19:20,5,19995
2024-10-31,19:20,6,38757
2024-10-31,19:20,7,206647
2024-10-31,19:20,8,49026
2024-10-31,19:20,9,19995
2024-10-31,19:20,10,49026
2024-10-31,22:20,1,285
2024-10-31,22:20,2,19995
2024-10-31,22:20,3,559
2024-10-31,22:20,4,49529
2024-10-31,22:20,5,285
2024-10-31,22:20,6,49529
2024-10-31,22:20,7,559
2024-10-31,22:20,8,559
2024-10-31,22:20,9,49529
2024-10-31,22:20,10,206647
2024-11-01,04:20,1,19995
2024-11-01,04:20,2,559
2024-11-01,04:20,3,49026
2024-11-01,04:20,4,38757
2024-11-01,04:20,5,19995
2024-11-01,04:20,6,19995
2024-11-01,04:20,7,49026
2024-11-01,04:20,8,49529
2024-11-01,04:20,9,49529
2024-11-01,04:20,10,285
2024-11-01,07:20,1,38757
2024-11-01,07:20,2,206647
2024-11-01,07:20,3,19995
2024-11-01,07:20,4,49026
2024-11-01,07:20,5,206647
2024-11-01,07:20,6,19995
2024-11-01,07:20,7,19995
2024-11-01,07:20,8,285
2024-11-01,07:20,9,285
2024-11-01,07:20,10,206647
2024-11-01,10:20,1,285
2024-11-01,10:20,2,206647
2024-11-01,10:20,3,559
2024-11-01,10:20,4,19995
2024-11-01,10:20,5,285
2024-11-01,10:20,6,285
2024-11-01,10:20,7,49026
2024-11-01,10:20,8,19995
2024-11-01,10:20,9,38757
2024-11-01,10:20,10,559
2024-11-01,13:20,1,49026
2024-11-01,13:20,2,206647
2024-11-01,13:20,3,285
2024-11-01,13:20,4,206647
2024-11-01,13:20,5,285
2024-11-01,13:20,6,285
2024-11-01,13:20,7,559
2024-11-01,13:20,8,19995
2024-11-01,13:20,9,285
2024-11-01,13:20,10,49529
2024-11-01,16:20,1,559
2024-11-01,16:20,2,19995
2024-11-01,16:20,3,49026
2024-11-01,16:20,4,285
2024-11-01,16:20,5,206647
2024-11-01,16:20,6,38757
2024-11-01,16:20,7,19995
2024-11-01,16:20,8,559
2024-11-01,16:20,9,49026
2024-11-01,16:20,10,49529
2024-11-01,19:20,1,49529
2024-11-01,19:20,2,38757
2024-11-01,19:20,3,38757
2024-11-01,19:20,4,559
2024-11-01,19:20,5,19995
2024-11-01,19:20,6,285
2024-11-01,19:20,7,559
2024-11-01,19:20,8,38757
2024-11-01,19:20,9,38757
2024-11-01,19:20,10,285
2024-11-01,22:20,1,49529
2024-11-01,22:20,2,206647
2024-11-01,22:20,3,206647
2024-11-01,22:20,4,49529
2024-11-01,22:20,5,559
2024-11-01,22:20,6,49026
2024-11-01,22:20,7,19995
2024-11-01,22:20,8,49026
2024-11-01,22:20,9,38757
2024-11-01,22:20,10,559
2024-11-02,04:20,1,38757
2024-11-02,04:20,2,49026
2024-11-02,04:20,3,19995
2024-11-02,04:20,4,38757
2024-11-02,04:20,5,285
2024-11-02,04:20,6,49529
2024-11-02,04:20,7,285
2024-11-02,04:20,8,285
2024-11-02,04:20,9,49026
2024-11-02,04:20,10,559
2024-11-02,07:20,1,49529
2024-11-02,07:20,2,285
2024-11-02,07:20,3,49529
2024-11-02,07:20,4,559
2024-11-02,07:20,5,206647
2024-11-02,07:20,6,559
2024-11-02,07:20,7,19995
2024-11-02,07:20,8,49026
2024-11-02,07:20,9,559
2024-11-02,07:20,10,49529
2024-11-02,10:20,1,38757
2024-11-02,10:20,2,19995
2024-11-02,10:20,3,559
2024-11-02,10:20,4,49026
2024-11-02,10:20,5,38757
2024-11-02,10:20,6,49529
2024-11-02,10:20,7,559
2024-11-02,10:20,8,49026
2024-11-02,10:20,9,49026
2024-11-02,10:20,10,19995
2024-11-02,13:20,1,559
2024-11-02,13:20,2,285
2024-11-02,13:20,3,49026
2024-11-02,13:20,4,49026
2024-11-02,13:20,5,19995
2024-11-02,13:20,6,206647
2024-11-02,13:20,7,206647
2024-11-02,13:20,8,19995
2024-11-02,13:20,9,49026
2024-11-02,13:20,10,49529
2024-11-02,16:20,1,559
2024-11-02,16:20,2,38757
2024-11-02,16:20,3,38757
2024-11-02,16:20,4,206647
2024-11-02,16:20,5,19995
2024-11-02,16:20,6,285
2024-11-02,16:20,7,49529
2024-11-02,16:20,8,49026
2024-11-02,16:20,9,559
2024-11-02,16:20,10,559
2024-11-02,19:20,1,38757
2024-11-02,19:20,2,49529
2024-11-02,19:20,3,38757
2024-11-02,19:20,4,19995
2024-11-02,19:20,5,38757
2024-11-02,19:20,6,285
2024-11-02,19:20,7,38757
2024-11-02,19:20,8,19995
2024-11-02,19:20,9,19995
2024-11-02,19:20,10,206647
2024-11-02,22:20,1,49529
2024-11-02,22:20,2,206647
2024-11-02,22:20,3,285
2024-11-02,22:20,4,559
2024-11-02,22:20,5,38757
2024-11-02,22:20,6,206647
2024-11-02,22:20,7,559
2024-11-02,22:20,8,19995
2024-11-02,22:20,9,49026
2024-11-02,22:20,10,206647
2024-11-03,04:20,1,49529
2024-11-03,04:20,2,19995
2024-11-03,04:20,3,38757
2024-11-03,04:20,4,19995
2024-11-03,04:20,5,38757
2024-11-03,04:20,6,38757
2024-11-03,04:20,7,49529
2024-11-03,04:20,8,559
2024-11-03,04:20,9,559
2024-11-03,04:20,10,38757
2024-11-03,07:20,1,49529
2024-11-03,07:20,2,285
2024-11-03,07:20,3,559
2024-11-03,07:20,4,19995
2024-11-03,07:20,5,559
2024-11-03,07:20,6,49529
2024-11-03,07:20,7,49026
2024-11-03,07:20,8,38757
2024-11-03,07:20,9,285
2024-11-03,07:20,10,49026
2024-11-03,10:20,1,206647
2024-11-03,10:20,2,19995
2024-11-03,10:20,3,559
2024-11-03,10:20,4,206647
2024-11-03,10:20,5,206647
2024-11-03,10:20,6,285
2024-11-03,10:20,7,559
2024-11-03,10:20,8,38757
2024-11-03,10:20,9,38757
2024-11-03,10:20,10,206647
2024-11-03,13:20,1,206647
2024-11-03,13:20,2,206647
2024-11-03,13:20,3,559
2024-11-03,13:20,4,49529
2024-11-03,13:20,5,38757
2024-11-03,13:20,6,559
2024-11-03,13:20,7,38757
2024-11-03,13:20,8,285
2024-11-03,13:20,9,206647
2024-11-03,13:20,10,559
2024-11-03,16:20,1,19995
2024-11-03,16:20,2,49026
2024-11-03,16:20,3,206647
2024-11-03,16:20,4,49026
2024-11-03,16:20,5,49529
2024-11-03,16:20,6,49026
2024-11-03,16:20,7,49026
2024-11-03,16:20,8,19995
2024-11-03,16:20,9,19995
2024-11-03,16:20,10,206647
2024-11-03,19:20,1,559
2024-11-03,19:20,2,49026
2024-11-03,19:20,3,49026
2024-11-03,19:20,4,206647
2024-11-03,19:20,5,559
2024-11-03,19:20,6,49529
2024-11-03,19:20,7,206647
2024-11-03,19:20,8,285
2024-11-03,19:20,9,285
2024-11-03,19:20,10,559
2024-11-03,22:20,1,559
2024-11-03,22:20,2,206647
2024-11-03,22:20,3,38757
2024-11-03,22:20,4,206647
2024-11-03,22:20,5,559
2024-11-03,22:20,6,559
2024-11-03,22:20,7,285
2024-11-03,22:20,8,38757
2024-11-03,22:20,9,38757
2024-11-03,22:20,10,285
2024-11-04,04:20,1,49026
2024-11-04,04:20,2,19995
2024-11-04,04:20,3,206647
2024-11-04,04:20,4,49026
2024-11-04,04:20,5,49529
2024-11-04,04:20,6,285
2024-11-04,04:20,7,49026
2024-11-04,04:20,8,38757
2024-11-04,04:20,9,19995
2024-11-04,04:20,10,559
2024-11-04,07:20,1,285
2024-11-04,07:20,2,49529
2024-11-04,07:20,3,206647
2024-11-04,07:20,4,49529
2024-11-04,07:20,5,49026
2024-11-04,07:20,6,559
2024-11-04,07:20,7,38757
2024-11-04,07:20,8,38757
2024-11-04,07:20,9,49026
2024-11-04,07:20,10,285
2024-11-04,10:20,1,559
2024-11-04,10:20,2,285
2024-11-04,10:20,3,206647
2024-11-04,10:20,4,38757
2024-11-04,10:20,5,38757
2024-11-04,10:20,6,559
2024-11-04,10:20,7,38757
2024-11-04,10:20,8,206647
2024-11-04,10:20,9,559
2024-11-04,10:20,10,38757
2024-11-04,13:20,1,559
2024-11-04,13:20,2,49529
2024-11-04,13:20,3,38757
2024-11-04,13:20,4,206647
2024-11-04,13:20,5,559
2024-11-04,13:20,6,49529
2024-11-04,13:20,7,49026
2024-11-04,13:20,8,19995
2024-11-04,13:20,9,38757
2024-11-04,13:20,10,285
2024-11-04,16:20,1,559
2024-11-04,16:20,2,19995
2024-11-04,16:20,3,49026
2024-11-04,16:20,4,559
2024-11-04,16:20,5,206647
2024-11-04,16:20,6,559
2024-11-04,16:20,7,285
2024-11-04,16:20,8,285
2024-11-04,16:20,9,206647
2024-11-04,16:20,10,49026
2024-11-04,19:20,1,206647
2024-11-04,19:20,2,49529
2024-11-04,19:20,3,559
2024-11-04,19:20,4,285
2024-11-04,19:20,5,38757
2024-11-04,19:20,6,206647
2024-11-04,19:20,7,285
2024-11-04,19:20,8,206647
2024-11-04,19:20,9,49026
2024-11-04,19:20,10,49529
2024-11-04,22:20,1,206647
2024-11-04,22:20,2,285
2024-11-04,22:20,3,559
2024-11-04,22:20,4,38757
2024-11-04,22:20,5,206647
2024-11-04,22:20,6,38757
2024-11-04,22:20,7,285
2024-11-04,22:20,8,285
2024-11-04,22:20,9,38757
2024-11-04,22:20,10,38757
2024-11-05,04:20,1,38757
2024-11-05,04:20,2,38757
2024-11-05,04:20,3,38757
2024-11-05,04:20,4,206647
2024-11-05,04:20,5,49529
2024-11-05,04:20,6,38757
2024-11-05,04:20,7,38757
2024-11-05,04:20,8,49026
2024-11-05,04:20,9,49026
2024-11-05,04:20,10,49529
2024-11-05,07:20,1,19995
2024-11-05,07:20,2,19995
2024-11-05,07:20,3,49026
2024-11-05,07:20,4,19995
2024-11-05,07:20,5,38757
2024-11-05,07:20,6,38757
2024-11-05,07:20,7,206647
2024-11-05,07:20,8,285
2024-11-05,07:20,9,19995
2024-11-05,07:20,10,19995
2024-11-05,10:20,1,38757
2024-11-05,10:20,2,559
2024-11-05,10:20,3,19995
2024-11-05,10:20,4,38757
2024-11-05,10:20,5,206647
2024-11-05,10:20,6,38757
2024-11-05,10:20,7,206647
2024-11-05,10:20,8,38757
2024-11-05,10:20,9,49529
2024-11-05,10:20,10,38757
2024-11-05,13:20,1,285
2024-11-05,13:20,2,206647
2024-11-05,13:20,3,38757
2024-11-05,13:20,4,49026
2024-11-05,13:20,5,19995
2024-11-05,13:20,6,559
2024-11-05,13:20,7,49529
2024-11-05,13:20,8,49529
2024-11-05,13:20,9,38757
2024-11-05,13:20,10,206647
2024-11-05,16:20,1,285
2024-11-05,16:20,2,559
2024-11-05,16:20,3,559
2024-11-05,16:20,4,19995
2024-11-05,16:20,5,38757
2024-11-05,16:20,6,285
2024-11-05,16:20,7,38757
2024-11-05,16:20,8,19995
2024-11-05,16:20,9,38757
2024-11-05,16:20,10,49026
2024-11-05,19:20,1,38757
2024-11-05,19:20,2,285
2024-11-05,19:20,3,49529
2024-11-05,19:20,4,38757
2024-11-05,19:20,5,19995
2024-11-05,19:20,6,206647
2024-11-05,19:20,7,38757
2024-11-05,19:20,8,49026
2024-11-05,19:20,9,19995
2024-11-05,19:20,10,206647
2024-11-05,22:20,1,49026
2024-11-05,22:20,2,49026
2024-11-05,22:20,3,49026
2024-11-05,22:20,4,19995
2024-11-05,22:20,5,559
2024-11-05,22:20,6,285
2024-11-05,22:20,7,49529
2024-11-05,22:20,8,206647
2024-11-05,22:20,9,559
2024-11-05,22:20,10,206647
2024-11-06,04:20,1,49026
2024-11-06,04:20,2,49026
2024-11-06,04:20,3,206647
2024-11-06,04:20,4,285
2024-11-06,04:20,5,19995
2024-11-06,04:20,6,49529
2024-11-06,04:20,7,49026
2024-11-06,04:20,8,19995
2024-11-06,04:20,9,38757
2024-11-06,04:20,10,206647
2024-11-06,07:20,1,49026
2024-11-06,07:20,2,49529
2024-11-06,07:20,3,49529
2024-11-06,07:20,4,559
2024-11-06,07:20,5,206647
2024-11-06,07:20,6,206647
2024-11-06,07:20,7,49529
2024-11-06,07:20,8,206647
2024-11-06,07:20,9,49529
2024-11-06,07:20,10,285
2024-11-06,10:20,1,49026
2024-11-06,10:20,2,285
2024-11-06,10:20,3,285
2024-11-06,10:20,4,49026
2024-11-06,10:20,5,49529
2024-11-06,10:20,6,206647
2024-11-06,10:20,7,49026
2024-11-06,10:20,8,559
2024-11-06,10:20,9,19995
2024-11-06,10:20,10,38757
2024-11-06,13:20,1,19995
2024-11-06,13:20,2,19995
2024-11-06,13:20,3,49026
2024-11-06,13:20,4,285
2024-11-06,13:20,5,206647
2024-11-06,13:20,6,206647
2024-11-06,13:20,7,19995
2024-11-06,13:20,8,49529
2024-11-06,13:20,9,206647
2024-11-06,13:20,10,19995
2024-11-06,16:20,1,19995
2024-11-06,16:20,2,559
2024-11-06,16:20,3,49529
2024-11-06,16:20,4,38757
2024-11-06,16:20,5,559
2024-11-06,16:20,6,49026
2024-11-06,16:20,7,49026
2024-11-06,16:20,8,49529
2024-11-06,16:20,9,559
2024-11-06,16:20,10,49529
2024-11-06,19:20,1,49529
2024-11-06,19:20,2,49026
2024-11-06,19:20,3,559
2024-11-06,19:20,4,206647
2024-11-06,19:20,5,49529
2024-11-06,19:20,6,38757
2024-11-06,19:20,7,206647
2024-11-06,19:20,8,49529
2024-11-06,19:20,9,559
2024-11-06,19:20,10,49026
2024-11-06,22:20,1,285
2024-11-06,22:20,2,49026
2024-11-06,22:20,3,49026
2024-11-06,22:20,4,49529
2024-11-06,22:20,5,559
2024-11-06,22:20,6,206647
2024-11-06,22:20,7,38757
2024-11-06,22:20,8,285
2024-11-06,22:20,9,559
2024-11-06,22:20,10,49026
2024-11-07,04:20,1,49026
2024-11-07,04:20,2,285
2024-11-07,04:20,3,38757
2024-11-07,04:20,4,49529
2024-11-07,04:20,5,49026
2024-11-07,04:20,6,19995
2024-11-07,04:20,7,559
2024-11-07,04:20,8,206647
2024-11-07,04:20,9,38757
2024-11-07,04:20,10,49529
2024-11-07,07:20,1,49026
2024-11-07,07:20,2,559
2024-11-07,07:20,3,206647
2024-11-07,07:20,4,559
2024-11-07,07:20,5,49529
2024-11-07,07:20,6,559
2024-11-07,07:20,7,19995
2024-11-07,07:20,8,49529
2024-11-07,07:20,9,49529
2024-11-07,07:20,10,49529
2024-11-07,10:20,1,49529
2024-11-07,10:20,2,559
2024-11-07,10:20,3,49026
2024-11-07,10:20,4,38757
2024-11-07,10:20,5,19995
2024-11-07,10:20,6,49026
2024-11-07,10:20,7,49529
2024-11-07,10:20,8,19995
2024-11-07,10:20,9,285
2024-11-07,10:20,10,38757
2024-11-07,13:20,1,49529
2024-11-07,13:20,2,19995
2024-11-07,13:20,3,559
2024-11-07,13:20,4,38757
2024-11-07,13:20,5,559
2024-11-07,13:20,6,285
2024-11-07,13:20,7,559
2024-11-07,13:20,8,206647
2024-11-07,13:20,9,206647
2024-11-07,13:20,10,19995
2024-11-07,16:20,1,206647
2024-11-07,16:20,2,285
2024-11-07,16:20,3,49026
2024-11-07,16:20,4,206647
2024-11-07,16:20,5,19995
2024-11-07,16:20,6,19995
2024-11-07,16:20,7,19995
2024-11-07,16:20,8,38757
2024-11-07,16:20,9,38757
2024-11-07,16:20,10,559
2024-11-07,19:20,1,285
2024-11-07,19:20,2,206647
2024-11-07,19:20,3,285
2024-11-07,19:20,4,19995
2024-11-07,19:20,5,206647
2024-11-07,19:20,6,19995
2024-11-07,19:20,7,38757
2024-11-07,19:20,8,285
2024-11-07,19:20,9,285
2024-11-07,19:20,10,559
2024-11-07,22:20,1,559
2024-11-07,22:20,2,285
2024-11-07,22:20,3,285
2024-11-07,22:20,4,19995
2024-11-07,22:20,5,285
2024-11-07,22:20,6,49026
2024-11-07,22:20,7,285
2024-11-07,22:20,8,559
2024-11-07,22:20,9,206647
2024-11-07,22:20,10,19995
2024-11-08,04:20,1,38757
2024-11-08,04:20,2,285
2024-11-08,04:20,3,206647
2024-11-08,04:20,4,38757
2024-11-08,04:20,5,285
2024-11-08,04:20,6,19995
2024-11-08,04:20,7,559
2024-11-08,04:20,8,49026
2024-11-08,04:20,9,49529
2024-11-08,04:20,10,559
2024-11-08,07:20,1,19995
2024-11-08,07:20,2,49529
2024-11-08,07:20,3,285
2024-11-08,07:20,4,49529
2024-11-08,07:20,5,49026
2024-11-08,07:20,6,49529
2024-11-08,07:20,7,206647
2024-11-08,07:20,8,206647
2024-11-08,07:20,9,19995
2024-11-08,07:20,10,49026
2024-11-08,10:20,1,49026
2024-11-08,10:20,2,49529
2024-11-08,10:20,3,38757
2024-11-08,10:20,4,49529
2024-11-08,10:20,5,49026
2024-11-08,10:20,6,19995
2024-11-08,10:20,7,49529
2024-11-08,10:20,8,206647
2024-11-08,10:20,9,49026
2024-11-08,10:20,10,49529
2024-11-08,13:20,1,49529
2024-11-08,13:20,2,206647
2024-11-08,13:20,3,285
2024-11-08,13:20,4,285
2024-11-08,13:20,5,19995
2024-11-08,13:20,6,206647
2024-11-08,13:20,7,206647
2024-11-08,13:20,8,285
2024-11-08,13:20,9,206647
2024-11-08,13:20,10,19995
2024-11-08,16:20,1,49026
2024-11-08,16:20,2,559
2024-11-08,16:20,3,38757
2024-11-08,16:20,4,49026
2024-11-08,16:20,5,285
2024-11-08,16:20,6,285
2024-11-08,16:20,7,19995
2024-11-08,16:20,8,38757
2024-11-08,16:20,9,19995
2024-11-08,16:20,10,19995
2024-11-08,19:20,1,49529
2024-11-08,19:20,2,49026
2024-11-08,19:20,3,285
2024-11-08,19:20,4,49026
2024-11-08,19:20,5,285
2024-11-08,19:20,6,38757
2024-11-08,19:20,7,19995
2024-11-08,19:20,8,38757
2024-11-08,19:20,9,49529
2024-11-08,19:20,10,38757
2024-11-08,22:20,1,19995
2024-11-08,22:20,2,49529
2024-11-08,22:20,3,38757
2024-11-08,22:20,4,559
2024-11-08,22:20,5,559
2024-11-08,22:20,6,559
2024-11-08,22:20,7,285
2024-11-08,22:20,8,38757
2024-11-08,22:20,9,19995
2024-11-08,22:20,10,49026
2024-11-09,04:20,1,206647
2024-11-09,04:20,2,38757
2024-11-09,04:20,3,49529
2024-11-09,04:20,4,285
2024-11-09,04:20,5,19995
2024-11-09,04:20,6,38757
2024-11-09,04:20,7,559
2024-11-09,04:20,8,49529
2024-11-09,04:20,9,206647
2024-11-09,04:20,10,285
2024-11-09,07:20,1,559
2024-11-09,07:20,2,38757
2024-11-09,07:20,3,49529
2024-11-09,07:20,4,19995
2024-11-09,07:20,5,49529
2024-11-09,07:20,6,285
2024-11-09,07:20,7,285
2024-11-09,07:20,8,285
2024-11-09,07:20,9,285
2024-11-09,07:20,10,38757
2024-11-09,10:20,1,49529
2024-11-09,10:20,2,38757
2024-11-09,10:20,3,285
2024-11-09,10:20,4,206647
2024-11-09,10:20,5,19995
2024-11-09,10:20,6,38757
2024-11-09,10:20,7,206647
2024-11-09,10:20,8,285
2024-11-09,10:20,9,206647
2024-11-09,10:20,10,49026
2024-11-09,13:20,1,559
2024-11-09,13:20,2,38757
2024-11-09,13:20,3,38757
2024-11-09,13:20,4,38757
2024-11-09,13:20,5,206647
2024-11-09,13:20,6,285
2024-11-09,13:20,7,19995
2024-11-09,13:20,8,49529
2024-11-09,13:20,9,19995
2024-11-09,13:20,10,559
2024-11-09,16:20,1,285
2024-11-09,16:20,2,206647
2024-11-09,16:20,3,19995
2024-11-09,16:20,4,285
2024-11-09,16:20,5,559
2024-11-09,16:20,6,206647
2024-11-09,16:20,7,285
2024-11-09,16:20,8,49026
2024-11-09,16:20,9,559
2024-11-09,16:20,10,206647
2024-11-09,19:20,1,285
2024-11-09,19:20,2,49529
2024-11-09,19:20,3,285
2024-11-09,19:20,4,285
2024-11-09,19:20,5,49529
2024-11-09,19:20,6,559
2024-11-09,19:20,7,19995
2024-11-09,19:20,8,49026
2024-11-09,19:20,9,49026
2024-11-09,19:20,10,49529
2024-11-09,22:20,1,559
2024-11-09,22:20,2,38757
2024-11-09,22:20,3,19995
2024-11-09,22:20,4,285
2024-11-09,22:20,5,49026
2024-11-09,22:20,6,19995
2024-11-09,22:20,7,19995
2024-11-09,22:20,8,49026
2024-11-09,22:20,9,559
2024-11-09,22:20,10,559
2024-11-10,04:20,1,19995
2024-11-10,04:20,2,206647
2024-11-10,04:20,3,49529
2024-11-10,04:20,4,19995
2024-11-10,04:20,5,285
2024-11-10,04:20,6,559
2024-11-10,04:20,7,49026
2024-11-10,04:20,8,49026
2024-11-10,04:20,9,559
2024-11-10,04:20,10,19995
2024-11-10,07:20,1,19995
2024-11-10,07:20,2,49026
2024-11-10,07:20,3,19995
2024-11-10,07:20,4,206647
2024-11-10,07:20,5,285
2024-11-10,07:20,6,559
2024-11-10,07:20,7,559
2024-11-10,07:20,8,19995
2024-11-10,07:20,9,206647
2024-11-10,07:20,10,206647
2024-11-10,10:20,1,559
2024-11-10,10:20,2,49026
2024-11-10,10:20,3,38757
2024-11-10,10:20,4,38757
2024-11-10,10:20,5,38757
2024-11-10,10:20,6,38757
2024-11-10,10:20,7,49529
2024-11-10,10:20,8,559
2024-11-10,10:20,9,49026
2024-11-10,10:20,10,19995
2024-11-10,13:20,1,49026
2024-11-10,13:20,2,559
2024-11-10,13:20,3,49026
2024-11-10,13:20,4,206647
2024-11-10,13:20,5,38757
2024-11-10,13:20,6,559
2024-11-10,13:20,7,559
2024-11-10,13:20,8,206647
2024-11-10,13:20,9,559
2024-11-10,13:20,10,285
2024-11-10,16:20,1,19995
2024-11-10,16:20,2,38757
2024-11-10,16:20,3,285
2024-11-10,16:20,4,19995
2024-11-10,16:20,5,38757
2024-11-10,16:20,6,49529
2024-11-10,16:20,7,38757
2024-11-10,16:20,8,49529
2024-11-10,16:20,9,285
2024-11-10,16:20,10,285
2024-11-10,19:20,1,285
2024-11-10,19:20,2,559
2024-11-10,19:20,3,49529
2024-11-10,19:20,4,38757
2024-11-10,19:20,5,38757
2024-11-10,19:20,6,19995
2024-11-10,19:20,7,38757
2024-11-10,19:20,8,19995
2024-11-10,19:20,9,285
2024-11-10,19:20,10,49529
2024-11-10,22:20,1,49529
2024-11-10,22:20,2,285
2024-11-10,22:20,3,49529
2024-11-10,22:20,4,559
2024-11-10,22:20,5,285
2024-11-10,22:20,6,19995
2024-11-10,22:20,7,206647
2024-11-10,22:20,8,285
2024-11-10,22:20,9,49026
2024-11-10,22:20,10,38757
2024-11-11,04:20,1,49026
2024-11-11,04:20,2,559
2024-11-11,04:20,3,19995
2024-11-11,04:20,4,285
2024-11-11,04:20,5,38757
2024-11-11,04:20,6,19995
2024-11-11,04:20,7,38757
2024-11-11,04:20,8,285
2024-11-11,04:20,9,19995
2024-11-11,04:20,10,206647
2024-11-11,07:20,1,206647
2024-11-11,07:20,2,38757
2024-11-11,07:20,3,206647
2024-11-11,07:20,4,285
2024-11-11,07:20,5,49026
2024-11-11,07:20,6,206647
2024-11-11,07:20,7,19995
2024-11-11,07:20,8,559
2024-11-11,07:20,9,285
2024-11-11,07:20,10,285
2024-11-11,10:20,1,559
2024-11-11,10:20,2,38757
2024-11-11,10:20,3,49529
2024-11-11,10:20,4,49026
2024-11-11,10:20,5,49529
2024-11-11,10:20,6,38757
2024-11-11,10:20,7,19995
2024-11-11,10:20,8,38757
2024-11-11,10:20,9,559
2024-11-11,10:20,10,285
2024-11-11,13:20,1,38757
2024-11-11,13:20,2,49529
2024-11-11,13:20,3,285
2024-11-11,13:20,4,206647
2024-11-11,13:20,5,38757
2024-11-11,13:20,6,49026
2024-11-11,13:20,7,49529
2024-11-11,13:20,8,49026
2024-11-11,13:20,9,206647
2024-11-11,13:20,10,49529
2024-11-11,16:20,1,49529
2024-11-11,16:20,2,206647
2024-11-11,16:20,3,19995
2024-11-11,16:20,4,206647
2024-11-11,16:20,5,49529
2024-11-11,16:20,6,49026
2024-11-11,16:20,7,49026
2024-11-11,16:20,8,38757
2024-11-11,16:20,9,559
2024-11-11,16:20,10,206647
2024-11-11,19:20,1,559
2024-11-11,19:20,2,285
2024-11-11,19:20,3,285
2024-11-11,19:20,4,285
2024-11-11,19:20,5,559
2024-11-11,19:20,6,285
2024-11-11,19:20,7,559
2024-11-11,19:20,8,19995
2024-11-11,19:20,9,559
2024-11-11,19:20,10,49026
2024-11-11,22:20,1,206647
2024-11-11,22:20,2,49026
2024-11-11,22:20,3,206647
2024-11-11,22:20,4,38757
2024-11-11,22:20,5,49529
2024-11-11,22:20,6,559
2024-11-11,22:20,7,38757
2024-11-11,22:20,8,559
2024-11-11,22:20,9,285
2024-11-11,22:20,10,49529
2024-11-12,04:20,1,206647
2024-11-12,04:20,2,559
2024-11-12,04:20,3,38757
2024-11-12,04:20,4,38757
2024-11-12,04:20,5,285
2024-11-12,04:20,6,559
2024-11-12,04:20,7,285
2024-11-12,04:20,8,49529
2024-11-12,04:20,9,38757
2024-11-12,04:20,10,559
2024-11-12,07:20,1,49529
2024-11-12,07:20,2,206647
2024-11-12,07:20,3,285
2024-11-12,07:20,4,49026
2024-11-12,07:20,5,19995
2024-11-12,07:20,6,285
2024-11-12,07:20,7,206647
2024-11-12,07:20,8,49529
2024-11-12,07:20,9,49529
2024-11-12,07:20,10,19995
2024-11-12,10:20,1,559
2024-11-12,10:20,2,38757
2024-11-12,10:20,3,49026
2024-11-12,10:20,4,49529
2024-11-12,10:20,5,206647
2024-11-12,10:20,6,38757
2024-11-12,10:20,7,49529
2024-11-12,10:20,8,559
2024-11-12,10:20,9,559
2024-11-12,10:20,10,559
2024-11-12,13:20,1,49026
2024-11-12,13:20,2,49026
2024-11-12,13:20,3,559
2024-11-12,13:20,4,49529
2024-11-12,13:20,5,559
2024-11-12,13:20,6,49026
2024-11-12,13:20,7,285
2024-11-12,13:20,8,38757
2024-11-12,13:20,9,19995
2024-11-12,13:20,10,559
2024-11-12,16:20,1,19995
2024-11-12,16:20,2,49529
2024-11-12,16:20,3,559
2024-11-12,16:20,4,38757
2024-11-12,16:20,5,559
2024-11-12,16:20,6,38757
2024-11-12,16:20,7,49529
2024-11-12,16:20,8,206647
2024-11-12,16:20,9,38757
2024-11-12,16:20,10,206647
2024-11-12,19:20,1,559
2024-11-12,19:20,2,38757
2024-11-12,19:20,3,559
2024-11-12,19:20,4,19995
2024-11-12,19:20,5,285
2024-11-12,19:20,6,38757
2024-11-12,19:20,7,49026
2024-11-12,19:20,8,49026
2024-11-12,19:20,9,559
2024-11-12,19:20,10,285
2024-11-12,22:20,1,19995
2024-11-12,22:20,2,206647
2024-11-12,22:20,3,559
2024-11-12,22:20,4,38757
2024-11-12,22:20,5,19995
2024-11-12,22:20,6,285
2024-11-12,22:20,7,559
2024-11-12,22:20,8,206647
2024-11-12,22:20,9,38757
2024-11-12,22:20,10,49529
2024-11-13,04:20,1,49026
2024-11-13,04:20,2,19995
2024-11-13,04:20,3,206647
2024-11-13,04:20,4,49026
2024-11-13,04:20,5,49026
2024-11-13,04:20,6,49529
2024-11-13,04:20,7,206647
2024-11-13,04:20,8,285
2024-11-13,04:20,9,49529
2024-11-13,04:20,10,559
2024-11-13,07:20,1,49026
2024-11-13,07:20,2,38757
2024-11-13,07:20,3,19995
2024-11-13,07:20,4,19995
2024-11-13,07:20,5,49529
2024-11-13,07:20,6,19995
2024-11-13,07:20,7,19995
2024-11-13,07:20,8,19995
2024-11-13,07:20,9,19995
2024-11-13,07:20,10,49026
2024-11-13,10:20,1,49026
2024-11-13,10:20,2,38757
2024-11-13,10:20,3,559
2024-11-13,10:20,4,49529
2024-11-13,10:20,5,559
2024-11-13,10:20,6,19995
2024-11-13,10:20,7,559
2024-11-13,10:20,8,38757
2024-11-13,10:20,9,19995
2024-11-13,10:20,10,49026
2024-11-13,13:20,1,285
2024-11-13,13:20,2,38757
2024-11-13,13:20,3,206647
2024-11-13,13:20,4,19995
2024-11-13,13:20,5,206647
2024-11-13,13:20,6,19995
2024-11-13,13:20,7,49529
2024-11-13,13:20,8,19995
2024-11-13,13:20,9,206647
2024-11-13,13:20,10,19995
2024-11-13,16:20,1,559
2024-11-13,16:20,2,206647
2024-11-13,16:20,3,559
2024-11-13,16:20,4,206647
2024-11-13,16:20,5,285
2024-11-13,16:20,6,206647
2024-11-13,16:20,7,206647
2024-11-13,16:20,8,19995
2024-11-13,16:20,9,49529
2024-11-13,16:20,10,19995
2024-11-13,19:20,1,38757
2024-11-13,19:20,2,19995
2024-11-13,19:20,3,559
2024-11-13,19:20,4,285
2024-11-13,19:20,5,559
2024-11-13,19:20,6,38757
2024-11-13,19:20,7,38757
2024-11-13,19:20,8,49529
2024-11-13,19:20,9,49529
2024-11-13,19:20,10,49026
2024-11-13,22:20,1,49026
2024-11-13,22:20,2,559
2024-11-13,22:20,3,559
2024-11-13,22:20,4,285
2024-11-13,22:20,5,285
2024-11-13,22:20,6,38757
2024-11-13,22:20,7,38757
2024-11-13,22:20,8,38757
2024-11-13,22:20,9,49026
2024-11-13,22:20,10,285
2024-11-14,04:20,1,49026
2024-11-14,04:20,2,49529
2024-11-14,04:20,3,49529
2024-11-14,04:20,4,38757
2024-11-14,04:20,5,206647
2024-11-14,04:20,6,38757
2024-11-14,04:20,7,49026
2024-11-14,04:20,8,49529
2024-11-14,04:20,9,206647
2024-11-14,04:20,10,285
2024-11-14,07:20,1,19995
2024-11-14,07:20,2,19995
2024-11-14,07:20,3,38757
2024-11-14,07:20,4,19995
2024-11-14,07:20,5,49529
2024-11-14,07:20,6,285
2024-11-14,07:20,7,285
2024-11-14,07:20,8,49529
2024-11-14,07:20,9,49026
2024-11-14,07:20,10,559
2024-11-14,10:20,1,285
2024-11-14,10:20,2,49529
2024-11-14,10:20,3,206647
2024-11-14,10:20,4,559
2024-11-14,10:20,5,49529
2024-11-14,10:20,6,49026
2024-11-14,10:20,7,49529
2024-11-14,10:20,8,49026
2024-11-14,10:20,9,49529
2024-11-14,10:20,10,206647
2024-11-14,13:20,1,19995
2024-11-14,13:20,2,206647
2024-11-14,13:20,3,285
2024-11-14,13:20,4,49529
2024-11-14,13:20,5,38757
2024-11-14,13:20,6,206647
2024-11-14,13:20,7,49026
2024-11-14,13:20,8,285
2024-11-14,13:20,9,49026
2024-11-14,13:20,10,49529
2024-11-14,16:20,1,38757
2024-11-14,16:20,2,49529
2024-11-14,16:20,3,38757
2024-11-14,16:20,4,559
2024-11-14,16:20,5,38757
2024-11-14,16:20,6,19995
2024-11-14,16:20,7,49026
2024-11-14,16:20,8,285
2024-11-14,16:20,9,559
2024-11-14,16:20,10,38757
2024-11-14,19:20,1,19995
2024-11-14,19:20,2,19995
2024-11-14,19:20,3,38757
2024-11-14,19:20,4,49026
2024-11-14,19:20,5,49026
2024-11-14,19:20,6,49529
2024-11-14,19:20,7,19995
2024-11-14,19:20,8,38757
2024-11-14,19:20,9,49026
2024-11-14,19:20,10,559
2024-11-14,22:20,1,38757
2024-11-14,22:20,2,38757
2024-11-14,22:20,3,38757
2024-11-14,22:20,4,285
2024-11-14,22:20,5,559
2024-11-14,22:20,6,285
2024-11-14,22:20,7,49026
2024-11-14,22:20,8,38757
2024-11-14,22:20,9,49026
2024-11-14,22:20,10,38757
2024-11-15,04:20,1,49026
2024-11-15,04:20,2,559
2024-11-15,04:20,3,559
2024-11-15,04:20,4,38757
2024-11-15,04:20,5,49529
2024-11-15,04:20,6,49026
2024-11-15,04:20,7,49529
2024-11-15,04:20,8,559
2024-11-15,04:20,9,38757
2024-11-15,04:20,10,206647
2024-11-15,07:20,1,206647
2024-11-15,07:20,2,49026
2024-11-15,07:20,3,19995
2024-11-15,07:20,4,38757
2024-11-15,07:20,5,49026
2024-11-15,07:20,6,49529
2024-11-15,07:20,7,285
2024-11-15,07:20,8,49529
2024-11-15,07:20,9,49026
2024-11-15,07:20,10,49529
2024-11-15,10:20,1,19995
2024-11-15,10:20,2,38757
2024-11-15,10:20,3,559
2024-11-15,10:20,4,559
2024-11-15,10:20,5,49026
2024-11-15,10:20,6,38757
2024-11-15,10:20,7,206647
2024-11-15,10:20,8,38757
2024-11-15,10:20,9,38757
2024-11-15,10:20,10,19995
2024-11-15,13:20,1,285
2024-11-15,13:20,2,285
2024-11-15,13:20,3,285
2024-11-15,13:20,4,559
2024-11-15,13:20,5,49529
2024-11-15,13:20,6,38757
2024-11-15,13:20,7,19995
2024-11-15,13:20,8,49026
2024-11-15,13:20,9,559
2024-11-15,13:20,10,38757
2024-11-15,16:20,1,559
2024-11-15,16:20,2,49529
2024-11-15,16:20,3,49026
2024-11-15,16:20,4,38757
2024-11-15,16:20,5,19995
2024-11-15,16:20,6,285
2024-11-15,16:20,7,285
2024-11-15,16:20,8,559
2024-11-15,16:20,9,19995
2024-11-15,16:20,10,206647
2024-11-15,19:20,1,285
2024-11-15,19:20,2,38757
2024-11-15,19:20,3,19995
2024-11-15,19:20,4,285
2024-11-15,19:20,5,559
2024-11-15,19:20,6,49026
2024-11-15,19:20,7,49026
2024-11-15,19:20,8,49529
2024-11-15,19:20,9,19995
2024-11-15,19:20,10,285
2024-11-15,22:20,1,559
2024-11-15,22:20,2,559
2024-11-15,22:20,3,19995
2024-11-15,22:20,4,38757
2024-11-15,22:20,5,38757
2024-11-15,22:20,6,19995
2024-11-15,22:20,7,206647
2024-11-15,22:20,8,49026
2024-11-15,22:20,9,285
2024-11-15,22:20,10,49026
2024-11-16,04:20,1,559
2024-11-16,04:20,2,49529
2024-11-16,04:20,3,285
2024-11-16,04:20,4,49529
2024-11-16,04:20,5,559
2024-11-16,04:20,6,559
2024-11-16,04:20,7,38757
2024-11-16,04:20,8,38757
2024-11-16,04:20,9,19995
2024-11-16,04:20,10,49529
2024-11-16,07:20,1,49026
2024-11-16,07:20,2,49026
2024-11-16,07:20,3,206647
2024-11-16,07:20,4,559
2024-11-16,07:20,5,49529
2024-11-16,07:20,6,206647
2024-11-16,07:20,7,559
2024-11-16,07:20,8,19995
2024-11-16,07:20,9,49026
2024-11-16,07:20,10,38757
2024-11-16,10:20,1,19995
2024-11-16,10:20,2,285
2024-11-16,10:20,3,559
2024-11-16,10:20,4,49026
2024-11-16,10:20,5,38757
2024-11-16,10:20,6,49529
2024-11-16,10:20,7,49026
2024-11-16,10:20,8,49529
2024-11-16,10:20,9,38757
2024-11-16,10:20,10,285
2024-11-16,13:20,1,559
2024-11-16,13:20,2,206647
2024-11-16,13:20,3,19995
2024-11-16,13:20,4,559
2024-11-16,13:20,5,559
2024-11-16,13:20,6,49026
2024-11-16,13:20,7,49026
2024-11-16,13:20,8,49026
2024-11-16,13:20,9,285
2024-11-16,13:20,10,285
2024-11-16,16:20,1,19995
2024-11-16,16:20,2,49529
2024-11-16,16:20,3,38757
2024-11-16,16:20,4,19995
2024-11-16,16:20,5,19995
2024-11-16,16:20,6,19995
2024-11-16,16:20,7,285
2024-11-16,16:20,8,19995
2024-11-16,16:20,9,38757
2024-11-16,16:20,10,49529
2024-11-16,19:20,1,559
2024-11-16,19:20,2,19995
2024-11-16,19:20,3,49529
2024-11-16,19:20,4,559
2024-11-16,19:20,5,19995
2024-11-16,19:20,6,285
2024-11-16,19:20,7,38757
2024-11-16,19:20,8,49529
2024-11-16,19:20,9,49529
2024-11-16,19:20,10,285
2024-11-16,22:20,1,49026
2024-11-16,22:20,2,49026
2024-11-16,22:20,3,49026
2024-11-16,22:20,4,19995
2024-11-16,22:20,5,49529
2024-11-16,22:20,6,38757
2024-11-16,22:20,7,206647
2024-11-16,22:20,8,285
2024-11-16,22:20,9,285
2024-11-16,22:20,10,19995
2024-11-17,04:20,1,559
2024-11-17,04:20,2,206647
2024-11-17,04:20,3,206647
2024-11-17,04:20,4,49529
2024-11-17,04:20,5,206647
2024-11-17,04:20,6,206647
2024-11-17,04:20,7,285
2024-11-17,04:20,8,38757
2024-11-17,04:20,9,49529
2024-11-17,04:20,10,49529
2024-11-17,07:20,1,19995
2024-11-17,07:20,2,285
2024-11-17,07:20,3,49026
2024-11-17,07:20,4,206647
2024-11-17,07:20,5,49026
2024-11-17,07:20,6,49026
2024-11-17,07:20,7,559
2024-11-17,07:20,8,285
2024-11-17,07:20,9,19995
2024-11-17,07:20,10,206647
2024-11-17,10:20,1,206647
2024-11-17,10:20,2,19995
2024-11-17,10:20,3,38757
2024-11-17,10:20,4,19995
2024-11-17,10:20,5,206647
2024-11-17,10:20,6,206647
2024-11-17,10:20,7,49026
2024-11-17,10:20,8,206647
2024-11-17,10:20,9,38757
2024-11-17,10:20,10,559
2024-11-17,13:20,1,38757
2024-11-17,13:20,2,49529
2024-11-17,13:20,3,206647
2024-11-17,13:20,4,206647
2024-11-17,13:20,5,19995
2024-11-17,13:20,6,38757
2024-11-17,13:20,7,49026
2024-11-17,13:20,8,38757
2024-11-17,13:20,9,49529
2024-11-17,13:20,10,559
2024-11-17,16:20,1,19995
2024-11-17,16:20,2,49529
2024-11-17,16:20,3,19995
2024-11-17,16:20,4,49026
2024-11-17,16:20,5,19995
2024-11-17,16:20,6,19995
2024-11-17,16:20,7,38757
2024-11-17,16:20,8,49529
2024-11-17,16:20,9,559
2024-11-17,16:20,10,49026
2024-11-17,19:20,1,285
2024-11-17,19:20,2,559
2024-11-17,19:20,3,49529
2024-11-17,19:20,4,559
2024-11-17,19:20,5,285
2024-11-17,19:20,6,206647
2024-11-17,19:20,7,206647
2024-11-17,19:20,8,38757
2024-11-17,19:20,9,38757
2024-11-17,19:20,10,206647
2024-11-17,22:20,1,559
2024-11-17,22:20,2,38757
2024-11-17,22:20,3,19995
2024-11-17,22:20,4,49026
2024-11-17,22:20,5,285
2024-11-17,22:20,6,19995
2024-11-17,22:20,7,49026
2024-11-17,22:20,8,49026
2024-11-17,22:20,9,206647
2024-11-17,22:20,10,49529
